_id,subsidiary,transaction_date,account_number,user_id,transaction_amount,transaction_type,merchant_id
5c4af73a8e4762056f69e553a75b024f,9117edfb1b2002a55a32551a5d402afe,2021-11-30 17:03:06,97f3d136800f2e1717ae71c9ccf79a7e,cf0cb252ffed8cf7e5a4df10262c1e55,142.66692029,DEBITO,817d18cd3c31e40e9bff0566baae7758
e4fd097f8b354df93ac994897b750e7b,772e276226019a492b077d923bbf651e,2021-11-30 11:14:38,fb3c5d31d6d90ad61c8fc89b52d15d07,c17a6930e9328f417b4809fb191131c5,1795.22541373,DEBITO,817d18cd3c31e40e9bff0566baae7758
1dc2951ca4e87e8557c04c355054ba0e,b38451c609131c1bbaafb6c2b9c11776,2021-11-30 20:48:40,b0b21e266607e17f79625f5d20a18ac2,bf3f0d578424f54d7ace1d66f6ffe00e,11.88891002,DEBITO,817d18cd3c31e40e9bff0566baae7758
7bac31d8c64c6df9f5b785262489ddb7,4b29a4acc734b7a776bad64f1a48cfd9,2021-11-30 18:33:29,cb1d31b3a36454b544bfa6a07d693269,9fe9be00a3a8016a979b11be99d6f978,356.66730074,DEBITO,817d18cd3c31e40e9bff0566baae7758
5d2af414d39ea03c1818df46d31c620c,38cc5429f4c0dfcec667852b5ef314d9,2021-11-30 11:19:12,0d1f89a509f6fd5d64ba982dbf1d2248,34c59e02565d5bb328a8e08eff0b9ff3,178.33365037,DEBITO,817d18cd3c31e40e9bff0566baae7758
2bf5e1456a36400fb47aadb71f56fd23,3dc43afe658b5ae4390c4e0c92eaa1c0,2021-11-30 09:50:15,faf648ed81cad1b3332ef4d086fb5556,312ce69bbc531857feb0d75460f8c091,439.88967091,CREDITO,075d178871d8d48502bf1f54887e52fe
c65aebdb5492d87b58d608e4d34bade1,c9bc4a311b9a7329a76090c3b2f80687,2021-11-30 11:50:26,99301279cdcd8e96ab50ad2c5ef5c522,ef18100ac04e50d7d634d132f86e32c8,237.77820049,DEBITO,817d18cd3c31e40e9bff0566baae7758
d847c481b90c9d7c7fe08077cdbfa89f,cba9d53958ca0ee9db0a5b2ba5c02356,2021-11-30 14:07:08,2812d69397ff680f574f8769a38250e5,cdc4c2f8bae736bae0afed3dfdc83e1f,321.00057066,DEBITO,817d18cd3c31e40e9bff0566baae7758
8ee09e3e25f1bf548fb717b5802125d0,35278c04e8f2eccb5ed80358dd9f1cad,2021-11-30 09:33:17,e2565c88f19f88d778651fe3df14e315,c9505e8ff88da9bf2d74262fdef32557,23.77782004,CREDITO,838a8fa992a4aa2fb5a0cf8b15b63755
57a4c59785a73eae951a6ca49fbceaf5,0222c9c39806d3a512d3223b3021f18e,2021-11-30 20:07:00,64739f78744f557d4f0098c5b5cb0643,ba038a4284845fbdca43f3ac5862679e,59.44455012,DEBITO,817d18cd3c31e40e9bff0566baae7758
fb5b8b3fb2c2d07705025b6abe61dd76,089da45dab5319547de16097ca62fba9,2021-11-30 11:09:57,5c165e3c1c8aab1a485acf8da521efe5,e8b6884cff5e9a6b57de972f1d2cc667,677.6678714,DEBITO,817d18cd3c31e40e9bff0566baae7758
d6ac4429609b13a1363a2d1bef0c6fe3,2f72d807532c542e05b55425d084eb63,2021-11-30 14:11:14,8954f6c0e7c30d2db421fc4adbaa41ab,1bc391cd637c68a731509db2d140c9c6,356.66730074,DEBITO,817d18cd3c31e40e9bff0566baae7758
acfbd9bfb0e931b35dd4792332351365,ae35093daa6f5a404da9d27a516fe0f0,2021-11-30 13:06:23,78a861d3493e2fecd0a5ee0685e8d14e,bece9b9245cdc3ec9a852726718c1f30,1070.00190222,DEBITO,817d18cd3c31e40e9bff0566baae7758
7664036e32182a28d43e550d1b498767,86c5b37fd4537b95b64734c81e377553,2021-11-30 09:03:33,2b6bc47c5716d0105a97f7cf6821afa7,bc08935c61290c022228cdf2844a9f22,356.66730074,CREDITO,075d178871d8d48502bf1f54887e52fe
570c14451e84bd9dd329829c9f7ea046,811ce9c95c7ea3136445c3ea9960755e,2021-11-30 10:02:22,1be5d6105e67e255847691aae001f7fb,2638d2f33159e2415019d55f1c5478c7,475.55640098,DEBITO,817d18cd3c31e40e9bff0566baae7758
a3fdf433d374973d6af042e5254be732,369393f9f247777db18d14489e5fbd40,2021-11-30 12:06:51,6e252db3d0949144468dae91a41fdd0a,d916eab6ebb219049e2bd13d98c7c9ac,23.77782004,DEBITO,817d18cd3c31e40e9bff0566baae7758
5fae5498cee409e10e44b37ecb223fa1,3c2ad117bf17912b54adc2d01264e140,2021-11-30 14:20:41,d60a16954e721b9837d6e8118941c204,fb83d6327c35493d76896622baa02086,118.88910024,CREDITO,075d178871d8d48502bf1f54887e52fe
3b584bb1f48bc2b30e3b04a7d541a8bc,6f072e144fcffa93eeb043f8f137a539,2021-11-30 16:20:20,95dd25d00a13b41bf75cd2fe088549cf,1c15dd04275c21fc23820cfa002512fd,237.77820049,DEBITO,817d18cd3c31e40e9bff0566baae7758
73022314df28afb231b3fd0999489ce7,52b00a0dc987efcda9c07ceaf7744b6b,2021-11-30 12:41:35,cd968595caec53bf035b49995240d697,f249c343aabdcbd906b3f59d32e3822a,475.55640098,DEBITO,817d18cd3c31e40e9bff0566baae7758
68feabe23a76a2a637bd7dd92f80b16d,680466698b5376fa367823268027eebe,2021-11-30 18:30:51,4e0bfc24a5f0cf4f51b061cbbb3a82fa,a41a245aacf3f226e2df1208f6537c03,53.50009511,CREDITO,075d178871d8d48502bf1f54887e52fe
e26462b916f2445640f8c2775199568a,81a42e277fec07e900c31e8867e9aee4,2021-11-30 08:15:32,5820b926c1fa59d1e931e1da7feff7c4,1780a50dca4c3d7c4196cce7a53693ae,178.33365037,DEBITO,817d18cd3c31e40e9bff0566baae7758
e650378ae33797f36875efeb619480d7,a91935d57983811693e58f98f699a7bf,2021-11-30 12:43:04,919b199a59cd70da6cf49476153410e5,2b96fbe91f2dac8b4d2e132b795c31df,59.44455012,DEBITO,817d18cd3c31e40e9bff0566baae7758
4f02c6c14dde24c399d74a384a30330f,9dd4889a87df5bdd181f65957eb7b6b4,2021-11-30 10:27:23,b18f054afac3fe203fdefe80a8bc4dde,3596c97437f7d7b1eaadb34c83884e97,59.44455012,DEBITO,817d18cd3c31e40e9bff0566baae7758
19e5ae54114dfc74d8bf0c49165a701d,37e8a05e55f99344e00119d02a46f7d7,2021-11-30 13:54:55,7730db3c64f236fd49bacfd7f7aea1a0,ec308971ac6b379e164946463eb0d0c7,71.33346014,DEBITO,817d18cd3c31e40e9bff0566baae7758
f33bcf579e0a0555867190b5339d72de,412bf5d29da44239959bed525eb997a3,2021-11-30 07:26:02,460aaa039238f5228a25a9e7e89af65b,3257c79a99c65aa61b92d3beb4d4c274,594.44550123,CREDITO,838a8fa992a4aa2fb5a0cf8b15b63755
3e1afa0850d7f20631176e40e2d086b1,5b526b634874a82bba8a08fe47087da3,2021-11-30 15:24:57,9754d31974d19c432c4fcbfa4e2c81df,3aabf965c1d57f4a31470325d50ada63,59.44455012,CREDITO,838a8fa992a4aa2fb5a0cf8b15b63755
697681a9661828825bfd0945325284fc,e1f65c5f623267e560a6903db83564c9,2021-11-30 19:53:24,ec7479c4328560bedba144545c295f25,b2bee1b7248a5d44c66b8868f9930466,237.77820049,DEBITO,817d18cd3c31e40e9bff0566baae7758
765d470e1edba4f0be19e6a5c8def2d2,048a319ad2d3aa6b455ba1cc90bdb69f,2021-11-30 19:41:05,9f46e9d1425eda66259db08ab857df50,4272afc2989762ad055bcbb289ba6a3c,118.88910024,DEBITO,817d18cd3c31e40e9bff0566baae7758
ff6189110476c111f8080e9dbf7f9023,334a43ec9c88fd2316f08a9c87558cd6,2021-11-30 16:43:05,6ac5ba6bc9df7ad23ec102e36193a149,ced8db2f894568a6dee018b459364773,653.89005136,DEBITO,817d18cd3c31e40e9bff0566baae7758
9f7ecfe53bbc53a6bfbbb307308dcc64,0ce0d61fb022318ef41b8c9794b9e666,2021-11-30 20:11:07,394312cb39a5efac35366bcf5a9c5ef7,8863705866a952ad73c8afacf1e13564,35.66673007,CREDITO,075d178871d8d48502bf1f54887e52fe
bf1647cf2a103b5a86ab269c57fb1b55,9671689754e53d04924079235d8ffb2d,2021-11-30 13:42:06,f064c5c5914bd085b4617c4c255f7018,de35025878fa9f08d3c54508149ac211,356.66730074,DEBITO,817d18cd3c31e40e9bff0566baae7758
04c37d555fa2fec4c03204faf5a3a42b,6164bb065e28747e331b9190f22b5ac7,2021-11-30 18:54:40,9de6a2652d690207cd39a2d993545b1a,6c03734ad13c262cf43641feb0634021,47.55564009,DEBITO,817d18cd3c31e40e9bff0566baae7758
2fbb5d5691c5db635873bf3f77978433,abd2080da6c4853a46a767c54fd32b7a,2021-11-30 11:12:30,a216f77aa9ad23fd0f652828e846abcb,1975258c90959a95efb5b3fe82053069,237.77820049,DEBITO,817d18cd3c31e40e9bff0566baae7758
a6246ca652770bc276e41d36a530ec34,5019d12c55de984a3230df84e3607d72,2021-11-30 18:07:27,2ff9e68016b4b54f63e7152e0c3004ce,e4ff62f269ddc40e3e55b30a81e04d1c,71.33346014,DEBITO,817d18cd3c31e40e9bff0566baae7758
3f60ad34ff38abfb71296e92958b1151,9971d0428941bef6ad2553fbb31906aa,2021-11-30 15:20:03,e34542c5d2286a7dc5aadf90f1b58a32,896758bec2466079efc7308c77d8197e,142.66692029,DEBITO,817d18cd3c31e40e9bff0566baae7758
3eddf3f180ccd686fa3782af6cb898e0,b1dcde753b3c9f6d8cdb1f03651c430a,2021-11-30 10:55:21,5a81c39b2f896477e6541d9111635b19,ea403e45aa0e9c8f2179aa3ebe7507e6,214.00038044,DEBITO,817d18cd3c31e40e9bff0566baae7758
d663a5a17343fca1f4f567da8321a4b2,a3cb032861945e2b4bc517eb87337b33,2021-11-30 15:15:22,a18a48b1066067c660c39e15998cc830,8dcd1bb0e242492dd260920e69f1c8d0,166.44474034,DEBITO,817d18cd3c31e40e9bff0566baae7758
03b67748b4348e122805415d49a38016,290bdaf30dad94303d2ded19cbdbc6b9,2021-11-30 20:34:17,2284729217b1859f0d41f4c9147241d0,21c48463e696f23a09fcb104d47a74d9,23.77782004,DEBITO,817d18cd3c31e40e9bff0566baae7758
0b0ff1d6047f0cbe2648b13974bb3a55,28fc70e344a8734462242a5b090f9e0a,2021-11-30 11:52:43,d793d3d39ffb83f86016cbcfefc8bec4,3506e76a860646464f557dbe9c9c22c2,83.22237017,CREDITO,838a8fa992a4aa2fb5a0cf8b15b63755
9c7637a20c4943fe25521a3dcea38bda,79dbfffddf93bb74ec67b37944e8e0d1,2021-11-30 18:13:55,7ffcdbdfc9324a9bedf90c438b431d2a,9140dbe9e45fed705ef9c0f9f52e11e3,594.44550123,DEBITO,817d18cd3c31e40e9bff0566baae7758
dfe22938c60d49a233a35a1b485c3dc4,890be406800d8c468a7b2871541b9b99,2021-11-30 14:44:06,048c3b93965f43edc18adf51382a95dd,44425fdfb0c66e082a671ff125488efc,83.22237017,DEBITO,817d18cd3c31e40e9bff0566baae7758
6c525effb569f97e85c193d6a550c52d,4ed5b6585552ff7c2514e95348601364,2021-11-30 12:37:39,9b0061cb233e559b05b6c0aee79725c4,16c68f18c00507760909e441c2995d2a,237.77820049,DEBITO,817d18cd3c31e40e9bff0566baae7758
56d50b6a67d65a48cf11a4065f765ca7,04f0b5c97f5b495217c87f9cfa0d0cfe,2021-11-30 11:57:38,da9d7b23f9f12c9d42e7aad4490b03fd,4cf128d6f968abb7ce900d256d4f03bd,237.77820049,CREDITO,838a8fa992a4aa2fb5a0cf8b15b63755
ca2a3d82485fda004c785182070057e2,fc74ff713eece8f9893cd7d639c63a0b,2021-11-30 13:59:37,cc3dbce008c3f3678a7a90506ed6c3e8,9fd5e1fbb2f566e3e84c80af12ed7a37,118.88910024,DEBITO,817d18cd3c31e40e9bff0566baae7758
08baa47e27b587508cca589917c10525,dc98957bd9d647b63a0c45654934c51d,2021-11-30 21:10:33,a9108fa4ca595fa95e6bc63ed6a21631,da5385d962585d1d0d9745f3f7b50a54,237.77820049,DEBITO,817d18cd3c31e40e9bff0566baae7758
7d5cb1ff9c73dfe9026d05e74a435689,826a06245e1ac826fa8474da69e1e230,2021-11-30 14:01:11,8ff3b90d6de983841bca4cb1fd3aabc6,cf7c92e832a15ea7524363bfd07d968b,118.88910024,DEBITO,817d18cd3c31e40e9bff0566baae7758
88076723c5e46ae64bfe114ed650ed22,e68df9a1f876d880f35ce8ae42b4755b,2021-11-29 23:14:30,91d4b1935d21ec086c83e7f4694170c0,76c00abc5a5fd4bd4838d3d3afc5a6ff,23.77782004,DEBITO,817d18cd3c31e40e9bff0566baae7758
3630cb6f604604fcc599866bf11b5a83,2fcf18812ea26e8a73b932af3cdff59d,2021-11-30 11:14:30,066a01db0a5cdd8b322a62b827882cff,7ab724fc4b2b40ab3b5d750e3a50e263,297.22275061,CREDITO,075d178871d8d48502bf1f54887e52fe
a1976ba75b5eae3460a323b37acf4647,9bfed638d5d43dbc2b8d171a8422df47,2021-11-30 05:32:08,6ecb2d2f71da9cd50a40791cfbfa1718,d3a22e198142cdb9c4a2a748afc74e8c,95.11128019,DEBITO,817d18cd3c31e40e9bff0566baae7758
d9e98a439ed3aaf5ab08820a89468f4e,8fa301d147eb3e296662c0ba30c4cd4f,2021-11-30 08:26:51,a1f21a2a39100cad3782b22d379ce0c0,5a059a10a1a2b2871b95070f5050d05b,47.55564009,DEBITO,817d18cd3c31e40e9bff0566baae7758
3ac9db77289ae705500084573b3c167b,f56b1965a2ce1e5163241f8c6e543b49,2021-11-30 14:52:57,4596ef55f87f69884671df591155aaf9,09b04db9d444863b0354274d7cba7363,59.44455012,DEBITO,817d18cd3c31e40e9bff0566baae7758
7ab20c902bbc29f9aef84f73c66950b5,1f4e451a03197a9b7d3fe53e172d79fd,2021-11-30 13:10:18,c3147870822bf1d2285fa5981d599406,3fca71c40389187a63575cb183216d34,118.88910024,DEBITO,817d18cd3c31e40e9bff0566baae7758
4c4e925abbd23f6a12e65261f1f9d7b3,4f88925a010e3750eb13488aa9d66b19,2021-11-30 13:50:15,d43b15f8f23af46d7bd126254dd08236,d31454a91ffffc0c68d12ab0c13f8477,23.77782004,DEBITO,817d18cd3c31e40e9bff0566baae7758
0908f30f5c8b02289cb9df9601471122,88ad17cc3cf53cbac820ddff0b5585b0,2021-11-30 10:11:13,26d2dc7da03c63738b71acf07c3b6d33,894b7d0828cdc3dd697106156667af8f,713.33460148,DEBITO,817d18cd3c31e40e9bff0566baae7758
fb00170d7ccaf144e5f92cbe74247306,81471809ba436b862f7364b2ced2e0ce,2021-11-30 18:33:52,30eab92157b6a908fa82cfe724302c1c,0ea47a2647d46fd8440d3361f960b254,118.88910024,CREDITO,838a8fa992a4aa2fb5a0cf8b15b63755
a43695091bd6265a8abf695a9d1b2065,c6286a83f5e4449198c2dc6ac0117d68,2021-11-30 09:03:51,13c55a576db9f3955941ec51f614e81b,f15080d58152d3f6cc8154d7c1e8a512,356.66730074,DEBITO,817d18cd3c31e40e9bff0566baae7758
e879ecfcaf7055c76a19aadf15785258,07e262eed1ae4569cc19a5ebe3a31425,2021-11-30 17:29:18,ea5e93e4d69b30f6c516a7558a991aa0,aeb51af59b93a176530e6ef543ca6a03,261.55602054,CREDITO,838a8fa992a4aa2fb5a0cf8b15b63755
93d891689119a4813127ba8397d14dd1,f239843825d0cae945ed7ebf58ce74b4,2021-11-30 14:14:16,3b5cb1a8e8be4fafc8447143a93945e6,f01bf8431f7e3b5e19ba3038feac758a,47.55564009,DEBITO,817d18cd3c31e40e9bff0566baae7758
ed735bce2da5208d067a244a5c5025bd,3c82687a8c7ad8aa1c146b2fbb55158f,2021-11-30 10:27:22,2fd917aa7d3e00ca817ddf19c098f3df,df05b791a9fbaf4454f9e0ef4983e6aa,23.77782004,CREDITO,075d178871d8d48502bf1f54887e52fe
43cc221fc331482172529b616dad28c1,8fa301d147eb3e296662c0ba30c4cd4f,2021-11-30 18:23:21,f764776f27ca1c3c10d1c428fe8bb91c,e4610052f5120c9f67a2c9d3e56006a7,594.44550123,DEBITO,817d18cd3c31e40e9bff0566baae7758
d612e36c2d30f73c320bd8b7ae1108b5,fb838928fb94cfbbc61b50192287cd9f,2021-11-30 16:58:35,afe930da941891e4b3df1ce72a75d16b,87ca4ee7844ffd31fa53d5c93d4251a1,2140.00380445,DEBITO,817d18cd3c31e40e9bff0566baae7758
a7a9dc345ac1ea4e3230370b787d62ec,075e9884e036adcbf5ffba85466a6936,2021-11-30 15:49:46,317899c88ef4d64f48f7cbd14656767a,26430b842431328e7305a9683a4547c5,558.77877116,CREDITO,817d18cd3c31e40e9bff0566baae7758
6ece23fd35cc0ddf4613ab1d72fc64a1,b12240a335e4fcb832a546dcf85debf7,2021-11-30 17:17:22,d1af599e34ac15c4b9e8b2e1e5747778,1c102d6334110ec581f3d63cc82d8624,214.00038044,DEBITO,817d18cd3c31e40e9bff0566baae7758
dfb7ffb26ab84e8fd59b2133ed91696b,b06f39e57395092abbf15d1b9bccb8d2,2021-11-30 19:41:27,ea380472bc8be5cc0994de2a32e386d8,aaf5a108a2b99bf685bb73099ae911dc,59.44455012,DEBITO,817d18cd3c31e40e9bff0566baae7758
56ff7efcc67c70a35817492ae271c003,7322c28ab3699f7f46eddce57d99f975,2021-11-30 11:12:23,180a4ba2101d46f05d6aaca1cfe125f5,fbd55b6862aaa263f5ba932c42066d7a,83.22237017,DEBITO,817d18cd3c31e40e9bff0566baae7758
e9419be38f1bc5e30a6dd5d9713418ef,b6e537e381c2cfcc147307e0bf0ab27d,2021-11-30 20:05:41,ae3bef2fb0e08bb229a87177b4a5fc42,3ec4b5f8f8963995109c28826468a902,404.22294084,DEBITO,817d18cd3c31e40e9bff0566baae7758
3575a2d954c8bb69dafe926a26e365eb,b1032cb33016f2d52c0b09367f7de2b6,2021-11-30 19:45:07,0fbe8b638172669f137692addade5ff7,97e205985a2bfae4fb542f647d32e96a,535.00095111,DEBITO,817d18cd3c31e40e9bff0566baae7758
13e4fe4cb982a7724af36d3b65d23118,33a4e0d48db907f4bc76e94a2a1e7f25,2021-11-30 15:16:54,35b0aaeaecb882ef1948a1910fd625cc,92cc9c4d879af8399c7ce5981a6bb76a,178.33365037,CREDITO,075d178871d8d48502bf1f54887e52fe
4293eeca281ebbe99b2856694d7597b7,037a1642bc74e5f1c8a632ee768a1c11,2021-11-30 11:09:45,03c3e04c66088545cd4664658149b52b,607406d3bde96fca84db2e1ae7e22a98,118.88910024,CREDITO,838a8fa992a4aa2fb5a0cf8b15b63755
27f6cb31b9fb1f47d3bf8b5908cd5dd9,e6a32882c99aab1d92ae297da67402ed,2021-11-30 12:16:56,40588ce2fd9a11125591ef7bb5cca1fd,767012462ac18310b75f355e7c0e3756,321.00057066,CREDITO,838a8fa992a4aa2fb5a0cf8b15b63755
bd554dbd5962f2820aa0b94baa1faa35,25d21c6eae6f6e6195b9a65d1872b9f1,2021-11-30 22:09:29,b23f27040712dd24ddda49890e7c30a7,87810f76fe140c8dc17e886ef9caffa8,59.44455012,DEBITO,817d18cd3c31e40e9bff0566baae7758
e7626a53d16ae31b00a06d166d12120a,3ee39ae266029599dd3cc39a6d8c9de2,2021-11-30 14:20:42,875653798956c5c80ad7681ccb9c8948,de5cacbfe03b37d3310394dbfb907143,237.77820049,CREDITO,075d178871d8d48502bf1f54887e52fe
2ca2c7f48150d11dc2c11c6c937ea92e,4578d85e63588dee91145488e6231fc5,2021-11-30 18:01:27,7a4548636d30ac07d08c79c06415069c,bb3cff59efffd1ea986ee6ef1f5f16c8,594.44550123,DEBITO,817d18cd3c31e40e9bff0566baae7758
b2e8352fbf2e0ee5ce145661f3d0290a,f388f2f31adb1c868359baffaa7effc2,2021-11-30 12:42:18,fe0019204646410e17dfcf42910fd80c,686995729def705eac44c4c478e26f09,237.77820049,DEBITO,817d18cd3c31e40e9bff0566baae7758
599cbfcb7672cceff457ac9d17138b92,e44cf992244096ca0541d8381c8898bc,2021-11-30 15:18:04,6de50e5e1ea6a15ee1c9fc90d075c60a,3bdb0b8daa67a9bfff4dbcc71eb51292,309.11166064,CREDITO,838a8fa992a4aa2fb5a0cf8b15b63755
f58a48d474d996dff44109b47c152598,8515ababe8dbe622d7157f006d06576f,2021-11-30 12:26:21,b4bb034795bec613585f68c18106eccd,42742fee5e65ed3b44682fe5632c6499,142.66692029,DEBITO,817d18cd3c31e40e9bff0566baae7758
87649e83a252e61c750ec7e1102bf4c5,3ef2489922dff61bb4197a1d71a32ef3,2021-11-30 12:46:16,406931836395bae1c17da10a6d01202a,604e0f1111a3fc078fa56ba384fcfeb5,178.33365037,DEBITO,817d18cd3c31e40e9bff0566baae7758
caa95206b2b2d5f4f37d3f44573a6445,e590d7fc3d0032a4a8c5ef696ba94e39,2021-11-30 18:28:53,bdccad36ef26592d58b4800e5b982be3,6cb16a2be4877281b2daaaf1b18e31fb,71.33346014,DEBITO,817d18cd3c31e40e9bff0566baae7758
7c5dd5e1adce0554251b65b4b5677edc,8f793da0c58d499d929627cdd058287f,2021-11-30 13:15:09,74e066146b3332cec12303cbcacc6ffe,ffb47252b48de432d7ed12531c14ae08,83.22237017,DEBITO,817d18cd3c31e40e9bff0566baae7758
5d2a480d82f119ea58e87c758d3d5435,812868ee5130fc4113b230e6e6d0ceab,2021-11-30 14:07:23,d71b32201046fadc6f6658bbe86d77af,ed5c8eaecdf24f46dd548c4a5ee27d20,356.66730074,DEBITO,817d18cd3c31e40e9bff0566baae7758
56504e3fe103d08c46a6d103e01adbb3,3fc35cb6c39e1585a27cffdcaab70cdb,2021-11-30 11:04:21,739065f517eb1b90b585fe926304995f,363f8bee8e8fa9a90be5262c822b4a50,273.44493056,CREDITO,075d178871d8d48502bf1f54887e52fe
1944e18efa1071ca797b62cb00bef0a2,86d57e15fac1487c1757318d20019312,2021-11-30 10:41:18,6b0563800134ec4259c722f5074efdf2,1a7447c7442654a57e6f6dd830e1b8f0,1177.00209244,DEBITO,817d18cd3c31e40e9bff0566baae7758
4683b2285c0851ffabc3e3a851b05373,46023f3ae1b1e621d05d5029771d21df,2021-11-30 10:51:42,f4366608080cab474976a6d4fb6d469e,1c7ace889f9b4e0eed6c949d385076a2,53.50009511,CREDITO,838a8fa992a4aa2fb5a0cf8b15b63755
bfc24b80aefe1d9a59de3de9264f6f3a,f5ca4136c548db771e304a65a4273e56,2021-11-30 18:24:14,e2a00f73fd324d325c39931c24df62a0,d358b25b937c783084691a91cb694457,594.44550123,DEBITO,817d18cd3c31e40e9bff0566baae7758
0bd4e2ca533547538c3a096bd4840f73,809ac0a950448995b140c72da8d6d7cb,2021-11-30 16:45:18,eeed10e4c3504b1239768b983712eef1,9c67023d02a2bfe23ce56f0dc3944a97,249.66711051,DEBITO,817d18cd3c31e40e9bff0566baae7758
a96df1d4356f21d3cec3b04bc3e80f0c,ba400763dcda307d2ba5d6f7adf8e9e6,2021-11-30 11:14:53,f75a4f7567ba3dfb73f0593a54291056,b04181c187bcb2371d74a55841deb638,118.88910024,CREDITO,075d178871d8d48502bf1f54887e52fe
d00d2096a398d7ffc2ecb86d493f7231,628075ec473e8d01644267389f71bb7d,2021-11-30 18:29:29,48b25cba9956c1a9bef826473abfc2c3,9ff3dc01acd46c4720f2454201d03606,59.44455012,DEBITO,817d18cd3c31e40e9bff0566baae7758
24a45ad067dc92c39d2a923f74eeb0e2,a67ce2b3df677af596c681a39d4c40e5,2021-11-30 13:25:48,320516b2007696aa4e3e24ad6da25726,d001c4cd46f9c1471cadca829ff3e82b,118.88910024,DEBITO,817d18cd3c31e40e9bff0566baae7758
ca16b19198db823bdd69bde758c6f241,13b34daeccbcd3338c913f03b9af9e20,2021-11-30 18:54:46,4206046ffde966ba2664485d12777229,65e1300a6f9a39e7bbfff3d586d0855b,344.77839071,DEBITO,817d18cd3c31e40e9bff0566baae7758
e858376ce836eec79617996626395a91,61ac875abef3378b21a19aa23182bc92,2021-11-30 20:58:01,6a7427697b5f3bf3ca550baaff3426aa,302e3c19f18300e8a0eae07741f2b584,35.66673007,DEBITO,817d18cd3c31e40e9bff0566baae7758
0e3b486ac77850d1556a5db0a218e08d,5497a3dca850f1c2a625b072190ef330,2021-11-30 11:24:29,45a81f266c367dc1691139f285e62ec2,5076512a0c2164202de1e9a1285805ca,178.33365037,DEBITO,817d18cd3c31e40e9bff0566baae7758
1fe6f3ed2a8765002814bb2a42d9ec57,e76589d59347855a264a39ad4cddb624,2021-11-30 08:56:21,46d67645eff696ce30a8e6e741fe0258,555b722c4d127ebfc4fa809be8ea0e89,760.89024158,DEBITO,817d18cd3c31e40e9bff0566baae7758
53772a7d78b66f85df14af162d8ad972,c0a98a53c2767c8013017fb46e414817,2021-11-30 13:49:43,4caaffc666083fdd1101110a5907f319,82d273e14455786c82c197f7fb63bb90,392.33403081,DEBITO,817d18cd3c31e40e9bff0566baae7758
2a0963def3647a1e077c067ff186fba0,59811a5ec9fda6fc4f58bd5ab883f398,2021-11-30 09:57:01,f1bff5241b7a37bdc6399b10afa10929,80363a42b630ef45f0290767fc7ee2f5,59.44455012,DEBITO,817d18cd3c31e40e9bff0566baae7758
ecb1f40ea280ea3e35d7068e473cb43e,fe79fba41eed18ec554a920dfe40c9f4,2021-11-30 15:29:37,b67091df63c5ad6f385b4803b36e4b51,d8a84bee51d226434813913aa9e63b80,642.00114133,DEBITO,817d18cd3c31e40e9bff0566baae7758
87e51fe061f4165a97dfb3fffe7d4052,a79106868faaed2843be5b0e8c530461,2021-11-30 10:28:01,ef8f672028f0adb064437aa710c59b8b,a9e130880ce7bb54c7de5a08ea75c609,23.77782004,CREDITO,075d178871d8d48502bf1f54887e52fe
bf3f2da20295f039423a07ba7005e10d,038b578a2d505e3389b170bc5d9fbdb2,2021-11-30 14:29:24,4022e8aaaf131234ff0d08c05a296326,45170064653944b51a4428c58a71fc54,362.61175575,CREDITO,075d178871d8d48502bf1f54887e52fe
7ba401d8adecf473ed9e6cd09a6d09c0,486513c9a1477d6c1b68e806f1bdcdde,2021-11-30 07:04:20,f7c7328bc8f66551fcff65daf1e2d6f0,9398a30c273c3b19d136a578a42b9436,356.66730074,DEBITO,817d18cd3c31e40e9bff0566baae7758
96f7c935185c7961da1d41feb4ebb360,c7411692a32cfb5415ef906eb20133c1,2021-11-30 21:05:22,6d707f3bd52d767096a3268b1ce75997,4023ba84a39317914e1eb119111b38c9,237.77820049,DEBITO,817d18cd3c31e40e9bff0566baae7758
fb1078999b575c9ac455e66d95b38151,74e3c5cadb37f3d8df783707809fb503,2021-11-30 09:31:57,bd1f697bef13f4143507be2384f210c5,f63e4991e6e5c5dcb51c7299586a0a32,59.44455012,DEBITO,817d18cd3c31e40e9bff0566baae7758
5876f3c6b4c0892deb12a0bb9cace7bf,d1473b6112d92b5171eac64b50b4dd86,2021-11-30 21:07:37,514d0b6b8e6ce38d83216a50710e8153,2eee300877e88231ed62c2711fa4ab62,59.44455012,DEBITO,817d18cd3c31e40e9bff0566baae7758
c42349e64dfaa248eff9f4f46d03d7df,0fcd52c57e7070d160ff46bc9910c457,2021-11-30 20:09:05,a5573465f2cde37c834d542d0688710f,928b1ee6a39cd4e9bc6d24ba2a528e36,11.88891002,DEBITO,817d18cd3c31e40e9bff0566baae7758
a516a058612a785b733fe56decaedde4,78b1e747eeffb2a4af804bf57b4bd7d0,2021-11-30 09:20:30,63817991b7641aed91f869642ee774cc,e93b0ebfeaa4782b46c6ced6da3b044f,416.11185086,DEBITO,817d18cd3c31e40e9bff0566baae7758
c77f4d1595028e63b86f3e1df70bb7ac,01e338bb357a0dad53426a939608facf,2021-11-30 14:22:56,80045da0f622bad2a1f1f5a27bd0cc58,858fed39a4aefa971d2f47d982a46e0a,344.77839071,DEBITO,817d18cd3c31e40e9bff0566baae7758
75b504d5fd4d9293237ad8ba02ebd807,7f52323bd1b3b82c59142fe8108a1e07,2021-11-30 16:17:27,c0fc70dcaa561fb74ab0aefd3e9724a1,78a9f5b7dd690d563738121c518cdd91,118.88910024,DEBITO,817d18cd3c31e40e9bff0566baae7758
0e7ad6ee5a25592ffb59246f576ddb2f,eec5960aa34a8e24df5ea1b845a84a1e,2021-11-30 13:16:01,76889ec812985fef1936db8af0c63cfd,d4e6615f9cdc0605d7984ee98b8be827,166.44474034,DEBITO,817d18cd3c31e40e9bff0566baae7758
20af075710d456e712cd41c6492f7e96,ca0e41479c40abcdfbe07b34d20c6e5d,2021-11-30 16:01:23,69bc90ec0df5f484e213e7ded215b321,48cdf644ba6cccf751368fd209d8cb34,47.55564009,DEBITO,817d18cd3c31e40e9bff0566baae7758
58883cb201bebc2983a66b332c84232b,a0f85445a7e92f7471c2bbfeb590f2d9,2021-11-30 08:49:54,3eef8d36d87000715f3b5ab996072ee8,bd7cf1bfd36d697af8974b9ee799c4f8,416.11185086,DEBITO,817d18cd3c31e40e9bff0566baae7758
ab7f74fdcdf29fa18b093b7692b1b228,adb9fd09d0352e3964d0611dd96172e2,2021-11-30 11:03:08,0d7e6497f8633ace2c9fd44840f76b79,624084b7ab108981345e51ab330be7cf,297.22275061,CREDITO,075d178871d8d48502bf1f54887e52fe
6b192c18dfca8a29d5fd65f16ab0b331,6f5b35cf1fd563d9b7c99da05159fb8c,2021-11-30 16:59:33,bf5a27e7a865275c466eeac04bf838df,476a445fcba476d073ae551197192cf0,237.77820049,DEBITO,817d18cd3c31e40e9bff0566baae7758
4579fdee7d5a63f763803999a5134400,14a6414be7c319a06ad1c388d7bb700c,2021-11-30 15:39:21,4111434d0a2eaef87ca9ae05b313c0c8,dd84fdff003e6857def832f4a96672c1,118.88910024,DEBITO,817d18cd3c31e40e9bff0566baae7758
f56dc0ff18853894de7bd4900f705d95,068f37fdd4c070a598385096ac0c1ac9,2021-11-30 12:17:30,0087de681a3b5e36f036387c4b8b588d,80f457dbb9247aaad68c634706ec6866,475.55640098,DEBITO,817d18cd3c31e40e9bff0566baae7758
29a8eee23ad3f908a2063ece86c2becc,85b4f2b7ae525a0f1d355f47ca3ca1ad,2021-11-30 19:16:08,ce0877c43c8dfcd5467c010ac17d2496,13ab497e90b2f71337c08bcf07e3661a,83.22237017,DEBITO,817d18cd3c31e40e9bff0566baae7758
40de94b43668852339c41ef26eb6b212,478c0d5e512343d8fde0bcc27ff230f7,2021-11-30 10:02:17,fed5a43dde39ca4089eb6372a01422e1,7d5ea32a8e1ac00559022d539e767888,154.55583032,CREDITO,075d178871d8d48502bf1f54887e52fe
78157f8187051f0978af3640fc2b2374,00906736e0b525e8468292a85ef69d6e,2021-11-30 06:15:06,2224d08946cca5ce5c33c87ac3c8b538,eb05b8c5ce944cd6856f35210afb6b21,47.55564009,DEBITO,817d18cd3c31e40e9bff0566baae7758
42b255bcc26646a1613903e2e03699bf,a6680c91b81e724a4fe683f2067fb2a5,2021-11-30 13:20:33,5dc1c3b404bc7794014d231fcd0a0a1e,fcfc389bbe14f09422cb48c129266b11,59.44455012,DEBITO,817d18cd3c31e40e9bff0566baae7758
083452aff90be6e0a26101bd39753eb9,332f51069d7f45870ff3dedfd586bcc9,2021-11-30 13:56:23,95185a147286a8d554b71b74916ae8ce,df0f69cb5a6b6dfe804b720a8cadc31d,356.66730074,DEBITO,817d18cd3c31e40e9bff0566baae7758
f3071901c49d802d072eb525f59a2cb7,3458b243beebecf55605ca649b6b2ea5,2021-11-30 09:35:57,0dd6ccee6ae0f050b6ea14a501fa08e4,35ee57e9defbf7ed54f6ee34c0790710,594.44550123,CREDITO,075d178871d8d48502bf1f54887e52fe
84c0d81adda231b3829e883d28197aa6,8e644461ff2382ba5e6d72db8ed260d1,2021-11-30 13:05:32,2161f9c52920be773fd18ed1007984c5,c73d25a92e8600da806cfe9ed358e517,11.88891002,DEBITO,817d18cd3c31e40e9bff0566baae7758
396b5a3531584d50f128fd73d86a30ca,db34eb1003a008541b3d394501f5bbe5,2021-11-30 08:27:11,828f3ca866471541574d36f1b1d62b7a,04a2454f70488c5f15bd61d3421c3c33,95.11128019,DEBITO,817d18cd3c31e40e9bff0566baae7758
c085e00eef17f30caecae62dd8e955a9,a7564f5711916eced678e9a15d7a2da8,2021-11-30 23:55:51,710e49bda59d4cf9cf7797df48a3488a,7394622a2b244378d67ba60f07b6f07d,142.66692029,DEBITO,817d18cd3c31e40e9bff0566baae7758
b709261c4620a202e4acf536ac4b9422,81520e5389c2d44fa0a5369850a53ff7,2021-11-30 10:00:14,72cc340893b9e591d5aad8241fbe21e2,358f2be0e95c03a26dd9e4eb1c6364ff,439.88967091,DEBITO,817d18cd3c31e40e9bff0566baae7758
285af5aff48c39bbc571ad2a39ddf6f0,2f5b41c74c6c42db57bd85a5f5f31d01,2021-11-30 17:33:59,be9bb6d4647d8f0ac681dba0ee13acb1,e5f9399112d23ba61d4d9c606f903079,356.66730074,DEBITO,817d18cd3c31e40e9bff0566baae7758
59795021d940afe4de5e28fde7ba10ac,295c34a74fada312b0f5e221c52ca754,2021-11-30 10:55:02,565de891f58ced7e554c9e6a517a913e,67cb36264ee89505e6fa759335965563,23.77782004,CREDITO,838a8fa992a4aa2fb5a0cf8b15b63755
280967b3d99b3eeb3a3314ecb8edc86b,d55a5f63ab455af43750eeffed4eeca5,2021-11-30 20:24:46,0cabdd0df34851e728d5a72ebc0e3ed5,1735badb58e01e918c8e0aeac14e789d,23.77782004,DEBITO,817d18cd3c31e40e9bff0566baae7758
0c0b7158353fbc6a769d14c1e1c43af2,976dd7bc868973887e0a54435b252253,2021-11-30 10:13:44,472f17e76fdb3f60be568a1713fa376f,47bd7db5e532b984488fc9b606d535c7,1188.89100247,DEBITO,817d18cd3c31e40e9bff0566baae7758
69c33793674c421938cd38134f780c1d,507d75726a68a13fee1eb0a38f290bfa,2021-11-30 18:29:44,070fe48b4868a28e806c9d2996f192c1,63cc0046c732b36b8bf2cd486b09fe01,23.77782004,DEBITO,817d18cd3c31e40e9bff0566baae7758
092cee7bb8759f0b0048e74e0086c7c2,8feed6c88062a0380311f5b0feb8ce03,2021-11-30 12:27:57,eeeb2dcc481f0fde87c1ff6b94b6cd58,f78c03242659419066a56e6a63fadbe8,83.22237017,DEBITO,817d18cd3c31e40e9bff0566baae7758
9cc33d7ab3102f8edd2db97bdb0043b3,a207c34f65bd270972078af251a84851,2021-11-30 08:19:58,4cd3392d013b18fe342a9e06e8f07c1b,284a20d05549d7d17fc05d2ec18b083a,47.55564009,DEBITO,817d18cd3c31e40e9bff0566baae7758
a8c4895a618cc0ead9eab15a5da139d3,5552c9411ca0238e5368af016d38b4c4,2021-11-30 08:44:07,ade6b1737335ca258549df48d4420c1e,772f7c237288e7c1450df174e6197265,47.55564009,DEBITO,817d18cd3c31e40e9bff0566baae7758
d11fee5d5cac65e049e0ad7ee3d041c5,ebb0b2fa57eedeafadefb7c777217661,2021-11-30 14:06:41,01ae01263c51661a0cae766938e1bff7,50d8231de82f397c9842998cc81a2078,1188.89100247,DEBITO,817d18cd3c31e40e9bff0566baae7758
4904def15e595e6e18e0d4841f2e1d19,eba074ac27335cfd601333bae8170775,2021-11-30 10:27:44,4960d26c8b800769c3e49ec14e24ba7c,578b13223dd081d4b056ca79ee4e6d45,23.77782004,DEBITO,817d18cd3c31e40e9bff0566baae7758
fda97c14508594e7a1b5b07198752f81,2cd6fa45b1a00b73232536f658d1d611,2021-11-30 11:41:25,643c7b0c3efb2d3adf69735660a0535e,023f08aa33f6680d73ce8cb6ab71af27,118.88910024,DEBITO,817d18cd3c31e40e9bff0566baae7758
1e348978a831690bf4be861cbbe702a6,f74593389668ee9e20e93e46d695338b,2021-11-30 08:24:38,82eda0a26eb7d2a11ef9b69b2bb19084,b69ec7cd2eb09066da6d21bbac501141,594.44550123,CREDITO,817d18cd3c31e40e9bff0566baae7758
f5271b63d0bcf2184f5ccd83cb1d0638,2873b6757b98e331d5cf6387feeb9291,2021-11-30 19:22:48,fb5f363103aa3b612c9722f6bbe16247,d1a37a6d44cf28f68818bc1f42fd07f8,47.55564009,DEBITO,817d18cd3c31e40e9bff0566baae7758
51a4cdb837f87a601e76f134ba19639d,39040c98a511cfb1e231fd541c803f14,2021-11-30 18:39:38,1dc8a698bd45830efe52a346870773e0,638acd0eb49d3c9557a24ce7011dabfb,59.44455012,DEBITO,817d18cd3c31e40e9bff0566baae7758
64e995edd74b83d14a613baa9e470277,815421c57f801b63cecc3e25410c80c8,2021-11-30 16:30:56,e74d8c46ab36245db4178b53ff0c0f28,4b216d92ed4e899a1e7ba115bfdabfc7,59.44455012,DEBITO,817d18cd3c31e40e9bff0566baae7758
851a5cf6046c8db19dec3759943869f8,50523f111a1b226e9b788a6604c866fc,2021-11-30 17:09:00,cb65f97c6dc27077278015588a59fea4,330b050d25e2ce6925d92a584420b91b,35.66673007,DEBITO,817d18cd3c31e40e9bff0566baae7758
29356c6ee8bc6588f2d93f18c802d53a,de26af437b51fa44cab373eb71e7b22a,2021-11-30 12:00:54,93418142431ba42d2fb67e359ac112e0,385df36c305efe8eb3a7590b0d629f1b,47.55564009,DEBITO,817d18cd3c31e40e9bff0566baae7758
55090952bce2cd5a81a9f61967e81b0f,bdced8b2f30be0678794d7d127a2e80b,2021-11-30 13:29:07,2c3b05635047fe7c67a35361651dd9f3,5965548c6f27fdf129f0469271d9eae0,178.33365037,DEBITO,817d18cd3c31e40e9bff0566baae7758
6eacfa3c9daa1e7ed32472bd77263257,eb7794d1fbf6c5ffe3b29d5c2b982ed1,2021-11-30 06:52:11,7d8586bb8c428c2360d9faa6fa1be110,78fe78137beee7b418e84234c872c20b,178.33365037,DEBITO,817d18cd3c31e40e9bff0566baae7758
8b8126441bcf88a10625459d9351c73b,71fe3cfc5c62d0f90447ffc0cc953486,2021-11-30 11:32:35,5b55a52baa976c475eb7fcf6b2de53e4,1c46dcdcd532da0cb969721f76d168f6,237.77820049,DEBITO,817d18cd3c31e40e9bff0566baae7758
b093ac19a987191389c9e47fe9334444,cfa36e88d2ad602332fb05cebcb0c4aa,2021-11-30 15:43:44,f654d026d816b3ddcc30c0f9d835c727,71d185a3a0fbe63e7e80d80f5571a941,35.66673007,CREDITO,075d178871d8d48502bf1f54887e52fe
e8e5d30a4940d5114029a1426342e4a1,b047bd05cefd10ee567e8e9f48611cb8,2021-11-30 16:52:37,ef87dd063f6df10c6a0b69d4b2889255,f499da459f170ef28d16d5efcc74d4bb,299.60053262,CREDITO,075d178871d8d48502bf1f54887e52fe
6935e4dba4a6c664f91ab41a59c6b187,88feb14c8326534c46fd2774c94feb0c,2021-11-30 13:34:09,35103fe545873102322a9546de1521b2,82d29a2c0bb6b6582c36974447c0bd95,118.88910024,CREDITO,075d178871d8d48502bf1f54887e52fe
9b09217e35a24cccef44708b2f601e6b,18f377b5279046bb793c7c318bb10080,2021-11-30 20:13:27,eed4863dfa51da7e54ef2704decea490,b9b4de2934fae3b6af1893ffc2063f1f,154.55583032,DEBITO,817d18cd3c31e40e9bff0566baae7758
09d2c2435a4988fdf2de19273890d17d,44db215d5ce220c73a5dd688c568b344,2021-11-30 06:02:35,b939ba83f1b404b356888873ca6b0acf,c5e52e579a8cffe9f75045213c43cbbe,237.77820049,DEBITO,817d18cd3c31e40e9bff0566baae7758
32876f5663e4e2778f4253f2a74a876c,4fec1f294247878fd41b2205e713cf6f,2021-11-30 12:07:00,352e7150adae308aba3ee9933e1d35ba,3256aeb19f2d3cbd06e3e189b4534067,52.90564961,CREDITO,838a8fa992a4aa2fb5a0cf8b15b63755
a95728a87a19e1567ebe43031e531ca1,c10786e9000aebe068245764791f0f00,2021-11-30 15:25:40,59aaa7b88310171e4647de63d7e22872,d3e88d6cd51c575114a747840d30fe9d,356.66730074,DEBITO,817d18cd3c31e40e9bff0566baae7758
904c7b5391f99e92c7f668a7a61fea90,8c6687c535189ce533275fbcba9ee35b,2021-11-30 12:17:34,29d20224804dece3219f85290f9e21ad,7f934588624aa6fd23e69aa6f47f447b,142.66692029,DEBITO,817d18cd3c31e40e9bff0566baae7758
78a15cc8391e039814b8ee6f367d49eb,a087ad7062f4782b42b6671010216115,2021-11-30 16:52:40,41cbc38ba208de2236196f818a97089b,c47ee442e4aaf2c3ad295cdeea94a344,332.88948069,CREDITO,075d178871d8d48502bf1f54887e52fe
974e5cd7f3913ca3b20b862d71d92011,5552c9411ca0238e5368af016d38b4c4,2021-11-30 18:32:10,641eff5972ae0d07ac8a7bae70b4f5b5,0ba41d9e7c7076bcb4272d8ef9849aea,356.66730074,DEBITO,817d18cd3c31e40e9bff0566baae7758
fdd40c79c358f260ec25b07bf1a88aee,c2dca2e1e3cbbd0175e8f6257301984c,2021-11-30 17:26:44,e60619239f695bf970eac0f9259b9efa,b0cd2f7448ee955cad3aa8c8537d1ada,71.33346014,DEBITO,817d18cd3c31e40e9bff0566baae7758
b67f2f4c4a4e47af2afd14545c8d42d0,d1fd224a7994738f5f065bc44328b362,2021-11-30 16:23:16,a3f8c81da2e1ac463b9d6e8039b34169,76d214080fa62c496e6c15c1b2775efb,23.77782004,DEBITO,817d18cd3c31e40e9bff0566baae7758
ea6a8418809b69f3610f22fb4f723dbf,b1046a89de206aefb330e6c4f41d13b2,2021-11-30 09:22:51,fc7b072d1328fa52b9dc661a2f76b068,8392e4d790c60b641c5d5f3596865608,23.77782004,DEBITO,817d18cd3c31e40e9bff0566baae7758
0ed8a26fe75505d1792075e9dd7b0251,37bf0a8ef64fdd9dc05b624340fc0505,2021-11-30 20:21:57,7c4fab782bd5d6c01caf0cce6a9036fb,7ba43dec40e18b7c16dca0a8fdb55003,237.77820049,DEBITO,817d18cd3c31e40e9bff0566baae7758
96d9b73bc8a3a7253877f7943000dc8b,50f0687690afd8f78b86dc48640b17c1,2021-11-30 11:03:19,bad1f1bbb052002cd213a551bdb37985,4c4f495e2adf30f9ecc08a812abe195d,297.22275061,DEBITO,817d18cd3c31e40e9bff0566baae7758
8b1a7a2c1a5db25e1c81b9c0bc2d9c80,780787cd76a022cf36470fe4bfd8d4d8,2021-11-30 13:15:21,496f85c4a7a5512407acc50702dbcfb0,14b05fe9c5c7bd245e4abb780e21e95c,360.23397374,CREDITO,075d178871d8d48502bf1f54887e52fe
9a492d6df97f98eaf612cc77caf0eda0,5ff465af8eaaf93b34835e6fbbf7c7c7,2021-11-30 11:23:46,6a0fcc63a55d0c0f2bcb87f73f99b414,89992f3035854c72cdb94dacf4ae1b0b,23.77782004,CREDITO,838a8fa992a4aa2fb5a0cf8b15b63755
3727c33356842542c22861e143d1c1f0,fc9ab8980261b5070d50207b7733aaad,2021-11-30 06:24:32,ae6a3a6076ab07c1bbc9ff12fb014f6c,69978c6a23074ce5c88542471730e2c3,237.77820049,DEBITO,817d18cd3c31e40e9bff0566baae7758
4dc9e8c9a3e501a1dc1182f74d68ec9c,ff3971ac2f9c19d396f8442316e18035,2021-11-30 12:36:25,1a9355b1d4a38cc9a7b0afa858f43436,18e37131e351b4f58a90672a1db2cc41,59.44455012,CREDITO,838a8fa992a4aa2fb5a0cf8b15b63755
4a31fb09b10982508969433fb56abbc6,32c430c6dcd42828531a96bdbabd05e1,2021-11-30 12:23:25,6d0debde3baf7bc99a19d0737d6e4d91,a120061f8b73acf36e2f0e2cb8f4a943,796.55697165,DEBITO,817d18cd3c31e40e9bff0566baae7758
012e1563046554592bf3605b790c273e,7c02725ec0b35711bfff9e890255c85a,2021-11-30 19:49:09,e31d3b11bc3982d9f8aa9f6af659f2e9,3e89624ece8c16f0f827a7fb1dd86880,808.44588168,DEBITO,817d18cd3c31e40e9bff0566baae7758
5c95a830a3631427c48ce00dd871a686,26be6ccc5ebe7cd6bec9747eb45fa9ea,2021-11-30 08:14:48,35cc4a9acafa189dd2a727a3f8fc4534,91adc8a851cee974447c8d3d358082fe,23.77782004,DEBITO,817d18cd3c31e40e9bff0566baae7758
40ac3ae9b8358e1c04be2d44d72a55b4,5c8da7c932a1016632ae038ad7f682d7,2021-11-30 12:13:02,f4f1b76592a608febc6c4fb9f42e8a09,1f253d12457be43bedc3d1d725067f66,83.22237017,DEBITO,817d18cd3c31e40e9bff0566baae7758
6235dce09a4d9d95d07eb6f608d1e8c5,15c5deb71c6eb7fae7b1dd2af0210c06,2021-11-30 14:41:00,f24d551e48117f2acb19368008476643,498755c1e301699d2d9d6693f553a579,47.55564009,DEBITO,817d18cd3c31e40e9bff0566baae7758
9414520bfdcd98485e7888f6ced95a45,de20800bdfcbf36039a5c6c7dd788ed4,2021-11-30 18:27:26,cef10073319acadc9687a8331a473a81,b9f42b752a62dac1731441cc55fe998d,59.44455012,DEBITO,817d18cd3c31e40e9bff0566baae7758
766c954c0e3273ecd2c04ad0ca341c83,7428212cf0193f799447ec0dfe53e4a0,2021-11-30 14:14:39,a437e713c8a3605165bf96a3c67926fd,f55986bcb9745403b142f66a38e93e3d,594.44550123,CREDITO,075d178871d8d48502bf1f54887e52fe
224673c65b0dc762ee98d93e9cf3840d,02c74881056ea00b8a0695aa3f61893f,2021-11-30 09:35:51,c16d40497f5eb2579c09451e0fb7be3b,51ca3637e86c26967c0757f9234af29d,35.66673007,DEBITO,817d18cd3c31e40e9bff0566baae7758
c4eda497220f62a967348b075a4cf166,0af372be9da49e9a6b54d665d9a48132,2021-11-30 21:36:36,3ab8de4a2bd16b03c77a0fc7d8bacba0,f8c2715021d3033c4c023d312ae45740,71.33346014,DEBITO,817d18cd3c31e40e9bff0566baae7758
115b0a91623420c3eb1d78b76648f24f,b96d558ff677a3884d2e36f176eb89bc,2021-11-30 09:09:21,82f98d992aab54eb5fceab93e537a46f,821adf20cf8c6064ff9fd9cb86c81082,59.44455012,DEBITO,817d18cd3c31e40e9bff0566baae7758
7737e805bbf14fbafa7c6dfaa683fa7a,636d0e5b025d75e26c29b6c0865668bc,2021-11-30 12:02:00,facc176c90bab482666804a6291545ab,236235f5460a7fcadf6552ab187ba53e,59.44455012,DEBITO,817d18cd3c31e40e9bff0566baae7758
7a98057055903d23ce383503eb42c073,c84eac9d5214caa35a9e184f388cc696,2021-11-30 10:03:27,64552db155e30b9b65061964c07ccf40,4c31bc8298c41d396964a5a9095ec738,118.88910024,DEBITO,817d18cd3c31e40e9bff0566baae7758
5344622b1931a33a3210ab53e33331e2,1db9602205b5c309ebbbb38e21a03360,2021-11-30 16:27:01,46d01ee5d5d75ccc722fb342dea38889,3ef1a7495dcfe9680cfb4ddde75f391b,59.44455012,DEBITO,817d18cd3c31e40e9bff0566baae7758
e6e4df9fda2a6604620a21e7dfbf9cbd,af598d02fd415ca52fb29006f9e3e60d,2021-11-30 11:07:56,fe5eae626eb550127095acb314ebde72,1b124023f341a64b7a2af6d7d8c75a37,59.44455012,DEBITO,817d18cd3c31e40e9bff0566baae7758
1e8775d3f08771b670d66c37deb948df,eb6f12b41992827030d65465f95ff463,2021-11-30 20:42:24,0f7ddfd0be50da77f975d110bfc464f8,48c2c17157d0eed9bb5111cedaa67acf,23.77782004,DEBITO,817d18cd3c31e40e9bff0566baae7758
8a7baea3d5dca270e0d22c74640cd08f,3509fe71c2f29316ab1c7f09431f48f2,2021-11-30 19:12:21,b41d0b59d5e486e0ead887d3013d6426,a091f4d2e2387d674e4db1b174b2b552,594.44550123,DEBITO,817d18cd3c31e40e9bff0566baae7758
88e4efb29197d265100769df8f24dcf2,4903f221b287968fd42656200dacb327,2021-11-30 08:59:09,9fc4cd5740ce8fc86b3e7d5b3305fa91,647c984b4cee1ef810994c1ed077a64d,582.55659121,DEBITO,817d18cd3c31e40e9bff0566baae7758
d4518626b6a3f41f4f36bb641637215f,e990f8419c30e6adb099b61504311836,2021-11-30 09:39:11,ca73e1e920ff5e05ac1f892cc0f03255,24922baeeb34d402a65207fe5155a963,59.44455012,DEBITO,817d18cd3c31e40e9bff0566baae7758
bab27d97a716091acebf995e511578bc,c9b3893cc3d49473f4038a34dd963608,2021-11-30 12:12:04,bf14392aa25971552ebc2c42fa33f4fe,bd10b14ede97888ec8ddeca728947f80,214.00038044,DEBITO,817d18cd3c31e40e9bff0566baae7758
0de4c8f45ffd6b8bbd3bd7fb2df185a9,8f407bb66302a52cacffa8373041d388,2021-11-30 21:44:36,9f692a349b6e9bd13457ffe5b76852b9,9f7f9eea3048851e14a1ad7457ed3a06,166.44474034,DEBITO,817d18cd3c31e40e9bff0566baae7758
ccd67359d441e1c8de8ec11d966def6c,d6d9519dfa26fd0ba48b746a36a10ece,2021-11-30 09:57:22,554cb6db41dabf22e915435eb84ff959,bfa5f59699dff1e42d87de952864825f,428.00076089,DEBITO,817d18cd3c31e40e9bff0566baae7758
5b0971ec4203d9069c3a3f8ba75c6b69,8f5d52f91cea6d7c0ea5e1aaf7ef627f,2021-11-30 13:28:21,4733a8d33db221f37728a90f0e3b92b4,4ee426b105bd8446e118e2892e8db65c,237.77820049,DEBITO,817d18cd3c31e40e9bff0566baae7758
c0a94e914a730cd3754d4c6faeafce88,bc098829c16e06d748a5ce4b36d7a1e3,2021-11-30 12:04:31,7b52a9efcd3a39ca9cd35b1803dc6602,eb62215bd32fc533c3d0ddf5b866d32c,35.66673007,CREDITO,838a8fa992a4aa2fb5a0cf8b15b63755
f71476e08cd874be7b878896c03b5fe5,a50a80344ca9abcb85cd555940d7e653,2021-11-30 12:08:05,7febb801c2add2833c829e0ada37384a,c10725092d346686558b4d942a6cae2f,95.11128019,DEBITO,817d18cd3c31e40e9bff0566baae7758
e138d42bdd29adbb39b05a1612527fad,263a67b176f5df446783a019512b103c,2021-11-30 20:52:49,d299e4da9cf03bad494f66aca0181e62,f13eae7a8aa540a6edce44b8eccbf6c0,297.22275061,DEBITO,817d18cd3c31e40e9bff0566baae7758
b41809af8b7b90b53b7da223d29c4cb5,1431db8943132c7ad3865db4311a2d69,2021-11-30 12:12:44,6566ca64952b62873f0f7532fc22fed6,81c5ac0fcb39d5bef99471289829d928,166.44474034,DEBITO,817d18cd3c31e40e9bff0566baae7758
2933c0c6f1b2b434957b6e92e8d07fd3,bd651353975ffdf3ce648377953ebeb1,2021-11-30 11:17:21,ac4546371293298a2a92b9fe26cbae62,d461e19dc0cb31e8ccac7cdf7c05265d,83.22237017,DEBITO,817d18cd3c31e40e9bff0566baae7758
3ab72ff6f91c3c7c0f7e55e37e4d6600,347b5c69914b2e4bf673cbdb4a2bae36,2021-11-30 16:30:39,b920934c064ad3ecf6099f18bc56b1f0,e041a43147dc1870fa6be62738493854,249.66711051,DEBITO,817d18cd3c31e40e9bff0566baae7758
ff0c1d6c42b0683551b7c8726dd8c4da,3dd8e20bbe45e930b7df0c07049bdf7b,2021-11-30 10:33:23,237ac427d9e20992baa6c0c87493e7f7,a8ca0e993bbccb53a1e610e8002d901b,83.22237017,CREDITO,838a8fa992a4aa2fb5a0cf8b15b63755
7fd3fe9e60b492654194bbd5ad9f23ce,796368f3b0bffc17720784c879e402a9,2021-11-30 19:22:44,4b73a1c203aefef61633d6d3f861fbfa,28e364323675930f01eb80f3c31e0b1a,23.77782004,DEBITO,817d18cd3c31e40e9bff0566baae7758
c6fe5ccba0cdda86a966c672d83217e5,c099471438b1f71481b7aa34d199359b,2021-11-30 14:33:48,3f7c11443f216392c918ea53c494d3c1,9fb6098978db5d738f7c205f638cddd4,237.77820049,DEBITO,817d18cd3c31e40e9bff0566baae7758
b6e944fc6abc2716418e0ddbe058f877,433e3e223eccdc9aaf65098e500d2875,2021-11-30 12:13:38,c48f82d365cce7d422bb767bf1c1406e,f6cec67830e382c45494fa581da0ff79,475.55640098,CREDITO,075d178871d8d48502bf1f54887e52fe
cf1ac0e733329bedd45f7203f4646cdc,ebd624a0d4af10d2e9f174e1f68e2913,2021-11-30 17:03:40,1b1d90b5e88da7f34888dd3a0243772b,15238d458d780297017ce04fc8c70534,594.44550123,CREDITO,075d178871d8d48502bf1f54887e52fe
f71166bd272253a2f690cddb33316f9b,67adadb5a4f63327d3d232a0bb8abe6f,2021-11-30 12:25:40,fefee14edf66cc1402589010a5f5d3e6,6469e7c610a0c0cc0b1eef349eff6784,891.66825185,DEBITO,817d18cd3c31e40e9bff0566baae7758
6312ae0044693474a03df98e170c1df1,bc869b149644311ba3c5c2b77d479d4a,2021-11-30 11:47:43,69ad7e4d1a8263f72a0d38927298c92b,8dcc52f60370d08405bb9816af6e8d14,356.66730074,DEBITO,817d18cd3c31e40e9bff0566baae7758
d17d41e76f264bb0daacaf10fab007e2,bbcc99e6f63d839f8125c265139568a5,2021-11-30 14:05:04,10443fbb4bd9ab8082f4f115812510c1,9ec4487f96093028eb3aa12eb5997b3d,416.11185086,DEBITO,817d18cd3c31e40e9bff0566baae7758
c02842cf5050365021f8689b98c1f58c,2a18e09f409e6d6446e4bb4999116e86,2021-11-30 16:53:14,f97c2d424046235617c237c48ed3cbcd,ea0e99829c853880c8b03a9767d980eb,142.66692029,DEBITO,817d18cd3c31e40e9bff0566baae7758
6b0ddd4ab6d28271478fb462f8bcf6a4,eb1e353b4044ca220a5c72b67ee81b51,2021-11-30 11:28:43,aa3bfd8a611121db1c447c193b21223c,9bb530daa7e7f2d3155f39606074c5a2,130.77801027,DEBITO,817d18cd3c31e40e9bff0566baae7758
86514908c87e55bf25826cef1136f618,1a0417256677b09df1970e1137e96cf7,2021-11-30 16:26:58,d3c6067f94f0a62e52c764471bc0e690,9d2c3b1fb8b78323381ba93570510966,59.44455012,DEBITO,817d18cd3c31e40e9bff0566baae7758
3138b62788505c9c3acec6cf0a28f96d,b6d504c582b7ca8f0d33893408766701,2021-11-30 22:01:52,26c8968dc05fd402e488e9dfcd4c313f,0bca638f1c7f86115ef44be304ff97fa,594.44550123,DEBITO,817d18cd3c31e40e9bff0566baae7758
482c07aaffd86c30f80adbb53ebf1e1c,134ab12b051bf3d6be3d1d608ab626d1,2021-11-30 16:31:34,7274d83e1b4a9eb5cd5bc22ae060fa44,c830ec097c7104168f4c3b985ba8d411,416.11185086,DEBITO,817d18cd3c31e40e9bff0566baae7758
34d64d96539e02b2958edb0d82aa8229,f36e3069fee31a8908e1b875682cb060,2021-11-30 18:43:35,1df12c9069fa71b533a73f7171af7bc4,058cfed5a12a3f9f166e43cab898ef8d,83.22237017,DEBITO,817d18cd3c31e40e9bff0566baae7758
2368cc01c04b276307044b9f45e2add4,cea918ddce34df58566084ddcf87fbff,2021-11-30 11:13:45,7bfc8a25666a915faeeb87e90fa29c03,759045c19f46a5d471e3bdd6e98940de,123.64466425,CREDITO,075d178871d8d48502bf1f54887e52fe
a682009ae5b1666084fd6dd0fb799a46,f01db5a0f1d71e699f0a4a3778c35084,2021-11-30 15:52:46,8fdd10a701027c35b8a76a328673acfa,f6668c9fae47a7fff71fa6b0936ee6b6,594.44550123,DEBITO,817d18cd3c31e40e9bff0566baae7758
9777b38e20a158a380e8ae267caf4826,32fb5f10cfb018dfabd761db7d5da99c,2021-11-30 10:08:02,386a7497776ea15234d81d8c1febd79b,51c1db51fa67effa59e1dba819f734bf,178.33365037,DEBITO,817d18cd3c31e40e9bff0566baae7758
414f44c270c8bf8689ecb98a098d4c6e,2ae2a4eea690bd62ae23b380cdaccc43,2021-11-30 20:39:21,8bf09f3968746f6bca9267ac8399f49b,5eb8486134711e8a826dc6d64b220118,344.77839071,DEBITO,817d18cd3c31e40e9bff0566baae7758
f2833eb66b5e7f8699941f367f0c66cc,80bb101b2893d351bb8399c06f778adf,2021-11-30 12:15:48,beb5fb34137f360d2a895ff772d78bad,d2dfabd893e5c98abeed73a4e7a6ed86,23.77782004,DEBITO,817d18cd3c31e40e9bff0566baae7758
abf4b5734429cb7c1eb78874f79d0e72,9f70b8ca9dd7c2f4f1fdc46831b4cc25,2021-11-30 11:54:10,3121f08db9647f0f362fe476c5736b2e,ea277289aefa093d9e76d5a4eaaf076c,118.88910024,DEBITO,817d18cd3c31e40e9bff0566baae7758
cdc946d2d548723454bcdeb6ac36b381,25edc0e49fa1052f4965fd23b3506b96,2021-11-30 15:53:21,2bf8c6f6e03a8b67cb5e0b97bbc7cb4a,c7d17e8c6d9876136d1bfa06bae5942b,154.55583032,DEBITO,817d18cd3c31e40e9bff0566baae7758
b7f45fb03edff970ed9d96380836580f,fc74ff713eece8f9893cd7d639c63a0b,2021-11-30 17:12:22,e99796b8224d88a529b3e1901afb1250,b720c052a0aa4777e655e3b1c1764235,963.001712,DEBITO,817d18cd3c31e40e9bff0566baae7758
2fc6911a5331c24ee0d4b8845d226f7f,d58c0290404572eafa2c7c1e87e44e76,2021-11-30 14:29:37,3bd68273d042c3381c5f25a907b92246,5211a6d8be17b772bfca4fde5251551b,8.32223701,CREDITO,075d178871d8d48502bf1f54887e52fe
69a8f514670531090218447f8c87dcf2,4abe2047cd72db565d1b04f07e79070f,2021-11-30 15:06:18,a98706d55cd0fd095d3dab2eb0ccc4f8,8eb868e639083b4ed79577aedf2f9370,47.55564009,CREDITO,075d178871d8d48502bf1f54887e52fe
44ec475d62a749f275a826aa2459d8f9,e3c710dcf78180eaaa2aa06f27600799,2021-11-30 20:25:58,be512f2c81a8112228025b671e6895b8,4fd45050df5e8621084c7768a3aab742,475.55640098,DEBITO,817d18cd3c31e40e9bff0566baae7758
1ea1942a24c099057d93f1b2a7ff27b7,42d61cb017be45c1fe346975d9b1d448,2021-11-30 20:30:49,31aedde6c049b51599a78c6b56cf9464,917091619e1a7ef7cf002f483e0a0f66,95.11128019,DEBITO,817d18cd3c31e40e9bff0566baae7758
911d97f52de10caf7f5aa7befccd87ed,911ba51c04d51c51a3000535c731e1ed,2021-11-30 18:33:05,13af4574b70b15085a3157de5b0fc923,6d8e7a747f168255723d5b088e03f13f,713.33460148,DEBITO,817d18cd3c31e40e9bff0566baae7758
025212afec661e77521184dd202ee97c,5f514dd34753f53959ec33c2952a49db,2021-11-30 10:15:39,09f8d752359ec587fed07db32f650615,e6a9256a83a2fe84eb13f424879d0a31,713.33460148,DEBITO,817d18cd3c31e40e9bff0566baae7758
14ae65ad4baf0175753b4bfbb7f32fbb,3ec46cda0c706b99711abeefeecaefeb,2021-11-30 18:06:15,05a8eea6d1460e1e95e4d8b2fd02f828,bde47dd8c72a7a5526efa1d9b20e88c5,59.44455012,DEBITO,817d18cd3c31e40e9bff0566baae7758
ec4f5fbf66aea85ee78fd396169ee522,580ba1954913534074e712675bac9119,2021-11-30 22:11:05,602d7bd9f280705844ccdc886f45126a,7cf32abf1b7bfb7d750600b75dc4bbf6,23.77782004,DEBITO,817d18cd3c31e40e9bff0566baae7758
3f6c98f9ac63df72fc247c0cbe1b15d8,ba8bb77200218e445409c240256900ff,2021-11-30 15:43:51,db421cc1a563f50dda90206d3ad041ce,1f4b4e5c4fb6fd73d3de55159ecd7d37,118.88910024,CREDITO,075d178871d8d48502bf1f54887e52fe
53cbf235b2d3dc062a242fb5f07909b8,a0a18708062e3c190bc853a061b740b6,2021-11-30 17:01:21,d74474c75b9ba5ee518bbe29927963dc,3063dc51f36e2a96ea720352e499ecc1,214.00038044,DEBITO,817d18cd3c31e40e9bff0566baae7758
5e60f5847055c1245b3e4d16fb8ff286,ab628d19090ad6e3e8905db4c0e7f63c,2021-11-30 14:33:01,73286386eed16ffd5df0a5828d9787c3,3bc0f1f3bf66a0b99e4b4ad3b9bae529,356.66730074,CREDITO,075d178871d8d48502bf1f54887e52fe
fbd685d38fbdf582128e391ac8f3ff3b,215d2fa8421f5e849ab8c5474d7490be,2021-11-30 13:04:38,dba21113371a510f210d5c332d24af20,d570b7eb72d0aca112e52356d8926634,23.77782004,DEBITO,817d18cd3c31e40e9bff0566baae7758
c9946a36d8c7b38d5b1c0afdcf73c10b,e1ec93b23293475057fdd6041466b4b1,2021-11-30 11:04:34,99157ebe3f8f26d305df952839507c7b,5d6852e505bed209457c51c02011adda,130.77801027,CREDITO,075d178871d8d48502bf1f54887e52fe
04d53d4d66e4c80b2fda424ec5ef0222,bc150de1ce05299091eaa40506bfa8b7,2021-11-30 22:07:37,86ff4b68d6e5412768c2ee093a488bd2,df3f1a1b3734bcdcb9fd86e0678e1443,1070.00190222,DEBITO,817d18cd3c31e40e9bff0566baae7758
2251f013749debb670743601cabae1be,c6286a83f5e4449198c2dc6ac0117d68,2021-11-30 15:57:51,bedf0acdb85981a3c550dcf6848f507e,3a3355f8201a4810b48f8683a022e0f1,202.11147042,DEBITO,817d18cd3c31e40e9bff0566baae7758
1fcc0634941a1d6f5214afb507a02675,4826b46f5d03a2fff687ad7d9cb70648,2021-11-30 12:27:58,a64605071a2a050aad89c96f63b3823f,60447a557d0c802ab1c57436ae86f89c,23.77782004,DEBITO,817d18cd3c31e40e9bff0566baae7758
6feb01f53e5af6267112bee1b113a2f8,ba2656a29167065889b3035200c36bc0,2021-11-30 13:07:05,d52e9934aa1f4b23bab4ea9cecabfcfa,322183d98fc83a8352d83190aad3be5d,59.44455012,DEBITO,817d18cd3c31e40e9bff0566baae7758
0652824642c6e60da53c1a0c06fe5820,5d00ef544e5cd6c06456cc2861bd4365,2021-11-30 16:56:18,b114c5140fe86fd579f11aae0722c50f,840a68b781425520f0a06b43a9cb4d4e,130.77801027,DEBITO,817d18cd3c31e40e9bff0566baae7758
f0a7f0e9ea8671bd73428241079841a1,62048aef244b15e215474dca29760f12,2021-11-30 18:52:36,e83d38d7c45c9a6a04f5cb3f28424bd9,1fb1e68c305160f08e2b5c06f212e374,47.55564009,DEBITO,817d18cd3c31e40e9bff0566baae7758
5e9c51144d1a925e4dae44cd82b42585,2f562b783d15662fd97b044df8596d46,2021-11-30 09:49:49,ae3840e609aff8b0e18dd1459ca1531f,16d58caaa73ae50f930fa799f13cc73e,118.88910024,DEBITO,817d18cd3c31e40e9bff0566baae7758
00a8afeea17ebecbbc1d408d10e4be7e,f8bcef2f18033f48be31b38ae0e96576,2021-11-30 16:53:42,2aabcdd3bef5f1c9d59763c7e698f2d3,7d1216b9c568eeacbcb64643312e7e39,832.22370173,DEBITO,817d18cd3c31e40e9bff0566baae7758
f4870dc9e62c63519257de246aa12b51,3798f1898145b249600ea4227dfeaca7,2021-11-30 10:41:12,48768942c865470d538d30db58b52ffb,8932e9c76829bf1c93905dc9af08f2ba,47.55564009,DEBITO,817d18cd3c31e40e9bff0566baae7758
f80c67f58396c1d688e140522f6a9a4d,b5bcdbbd1a79abeb7a3957cbf4ae5e87,2021-11-29 23:46:10,08ba167223562d562fd9f26a0f3a3a47,3af23aeb4cb63c5fd1cfc948ba8e7e77,23.77782004,DEBITO,817d18cd3c31e40e9bff0566baae7758
85aca623ab5c88bcaa9b407e7b4888d9,cea918ddce34df58566084ddcf87fbff,2021-11-30 17:23:24,293b60c705ef31fce4c8659007cc323d,6463719c1ba0294f1be1cef4ff199cd9,47.55564009,CREDITO,075d178871d8d48502bf1f54887e52fe
2b328ef31ed4558bb421694c20741925,3f8862e8746dff714f9477f922616ec0,2021-11-30 08:57:58,e9fde6d8edb3b04430b9f5bc22468d09,a8fedbad6010a5d96b2726b6aec88e24,107.00019022,DEBITO,817d18cd3c31e40e9bff0566baae7758
eec64271c1499154fb3d490537275621,e2976533331991a904b8b116e357aac2,2021-11-30 13:57:28,aeb7da86cf575d1bcc421932bd72f792,bff687f89eb368e8987ed8de5ded6465,59.44455012,DEBITO,817d18cd3c31e40e9bff0566baae7758
91d6e9f4ffa2f819c3463192780a5ffc,c261e04342fd9aa553e40eb0c85667ba,2021-11-30 15:30:44,b4f06163d0a77b9c5b3079b7fa3d2c85,5669f8bb533f3f06f1c0ee32fb91c7ae,35.66673007,CREDITO,838a8fa992a4aa2fb5a0cf8b15b63755
887bf88e21fec017b7b98cbe8da9df3c,e91762fbd44d2a6e4777e64acab4cde1,2021-11-30 17:37:27,7fea3fac30987dc8ce07984c90ee4225,914cb224ddb24f91c2100043cb1d2dfb,237.77820049,CREDITO,075d178871d8d48502bf1f54887e52fe
e91a2d2bc22c48ad02d799aae533a476,62048aef244b15e215474dca29760f12,2021-11-30 11:07:50,fccf2c90e60f61856605550dd152d9d2,b6c8b5433e6a4ca8cd046369089b0653,594.44550123,DEBITO,817d18cd3c31e40e9bff0566baae7758
d153da8fabdfcfa5c4e022702387700c,cb19e982fd0ff6e73be4fb41ebbfa33f,2021-11-30 18:13:38,266d53e11e8b5a91ba6621e9923a8425,aa3ab305e1a2d90541cff3a410e9fc79,1188.89100247,DEBITO,817d18cd3c31e40e9bff0566baae7758
a38a259f10c34fdf5dc6da4348cbf74a,6409b05b70af89fbe226ccd63faf93a8,2021-11-30 10:13:15,02be207546dfab2249649b78194c9798,f785f3a5a478ca2f74a1fb37508c165f,356.66730074,DEBITO,817d18cd3c31e40e9bff0566baae7758
f99cc7d19482b6a89da2cd86c6525bbb,4d09fb3797b1abf101a491c39c9a915a,2021-11-30 12:01:18,fda31ce655db8e639e8429a23ca147e2,76cc8749b0874f9b7bec33f6c142de09,48.56619745,CREDITO,075d178871d8d48502bf1f54887e52fe
0a01cfbc6749099835da90c7b4b8c097,bb711c1c223d1ea74e7a3cbce49c0ce2,2021-11-30 18:53:44,8e4a856a72e7ec435c6a84a048fa69ea,d48310b75d68e6ff1f4318f0e296016f,594.44550123,DEBITO,817d18cd3c31e40e9bff0566baae7758
9e99bda81a1dd7834dc63d84f0b214a5,af6ec517453b0e674c44f1c05f21347d,2021-11-30 18:22:53,ec881867af15d68a977f8fa3bffeac38,532e23a41acd1e208152249501c76b3d,23.77782004,DEBITO,817d18cd3c31e40e9bff0566baae7758
44f7ff1d5b6b054802cc5c8444845cd4,99c71575304b0c41e14364a99b43e086,2021-11-30 20:12:44,4870e6ade49905a3b265437fa2e80cfc,fe442b4e1776f7e09a82eecb5be7f788,118.88910024,DEBITO,817d18cd3c31e40e9bff0566baae7758
af321ded14b7222bf10881c892ad9b05,3a29d9e01e6dbe18285f63f1042537b7,2021-11-30 18:33:51,10759f8c8d84a07826eab8f7b79fc6f0,8f72ef647915904996f4ba26690c0338,1188.89100247,DEBITO,817d18cd3c31e40e9bff0566baae7758
58b4dcaa2c7557c0923922b72e030789,853eb6fa5fbfb6daa52fa9658f5324fd,2021-11-30 20:51:54,75d483cc9f1221a3328e90d788da5cab,01302e997d4ce39171bc926a6741fc9e,154.55583032,DEBITO,817d18cd3c31e40e9bff0566baae7758
eb4db2f7c21e235ccff992e2d3705d10,91649fb42b972e7fa577fa5f0d701f21,2021-11-30 19:45:21,b8f5fcd53cbc63cabee4e737c063f628,40c228fb9f254616aff5c95601b8e87c,21.40003804,CREDITO,838a8fa992a4aa2fb5a0cf8b15b63755
30e7034f6b84dc447f495df1808988d2,d742d75dd46e0ceaa9e54fed091dd22b,2021-11-30 16:33:14,4e9c2bab1135467b1070d79379d0b5ba,e40770d19948a661f2cdeb313d5efb9d,23.77782004,DEBITO,817d18cd3c31e40e9bff0566baae7758
05c66c66c83670617edbeb8b06375c8e,14a6414be7c319a06ad1c388d7bb700c,2021-11-30 18:55:14,1261fe765a7c6e254ea083d006351cf1,06db54ad4e0e09d3f610e9ee7a67e63e,59.44455012,DEBITO,817d18cd3c31e40e9bff0566baae7758
c47eacaf2f55a4c3a151a170abcd5cf1,e23be39881218fe3528e46cde64de8de,2021-11-30 14:30:13,8dccaf46e4dfb20e54be4136508715ad,27511e3c2a655fbe274816e7ad8bdac1,416.11185086,DEBITO,817d18cd3c31e40e9bff0566baae7758
1b51abeeff3322e64e0393ab064e63db,28ee8dcf2268438db928361a33e16d9a,2021-11-30 11:21:52,e9999bdc7013fdb9f0e8bf95499ca397,cc2df14ea9ab1b6600cb40fb52709ea4,1188.89100247,DEBITO,817d18cd3c31e40e9bff0566baae7758
81d8f8eacb222871627ec6294ce6861b,0b5fa6baa08bb88dfdc0dffde8a4e7d2,2021-11-30 23:29:47,170d7ab34164841938d74903f158fcce,1a7dab3ab6994df015d8f649784a3af9,23.77782004,DEBITO,817d18cd3c31e40e9bff0566baae7758
d87ea48da0cbe31e90487633840844ac,27cda6da4f3e2419314b837b596c8d0e,2021-11-30 12:27:25,d514d0f231384d23504a1c4d6c6ce8bb,142b372a16667059323f2717a757f6a2,118.88910024,CREDITO,075d178871d8d48502bf1f54887e52fe
09b04d8e8467f275c4677a8f9b1943d4,4fc39b81b75e2a167285fafa6f63262e,2021-11-30 14:21:14,168d1c6610734a84b034b5173ee0bfae,142af864cab75bbc55e2b1327c98857c,380.44512079,DEBITO,817d18cd3c31e40e9bff0566baae7758
1a467c859a4786f2bcc71a06127c54d6,a255c51ba0a40bb7bfe1b11c4557c10e,2021-11-30 23:15:06,43daae2ccfbda247bdff0bd56bb01a0b,564fb9efa8928af3cfd87ed5a9459739,23.77782004,DEBITO,817d18cd3c31e40e9bff0566baae7758
d5f90320afbfe97e84d0a7e49a155518,c7780851e858c89658eb229021ddafb9,2021-11-30 22:01:32,c41e0bacf32d43b89ab5d19f8d37361d,f455ecc36d5ec7c33db9570addccdab9,1188.89100247,DEBITO,817d18cd3c31e40e9bff0566baae7758
c58fd46a101997f7256b54bcaf3038b1,976dd7bc868973887e0a54435b252253,2021-11-30 12:04:30,9b3d5f87d64cd557a8da0ef06a3257be,7766e79eb8bfc885515a88fbdb85732c,237.77820049,DEBITO,817d18cd3c31e40e9bff0566baae7758
b2875a36f4ee427f6c4f0509f52d130f,1ce918a4915a2cfbc372ad56c557e70b,2021-11-30 14:21:21,9e78ac277f7e136155107f1e940a30da,274dc2499ffb02269baaf8931e0bd8d5,713.33460148,DEBITO,817d18cd3c31e40e9bff0566baae7758
a7d3db8fb2912549021610d2c170762d,a96fd35802b384fd649d7da408447e4d,2021-11-30 09:03:40,562c91c6be6ef6e490462c6f6fcf9e13,7b18ea671954f37955202cf7d528c7ff,59.44455012,CREDITO,075d178871d8d48502bf1f54887e52fe
6a8c374916296c2beb540c26a46cf5d8,96b9711cff29098d4537db1f4bc5a9c8,2021-11-30 13:21:49,8fa52c5015260733bee2106e8cce71f9,84c9951ebfd17187c7a75018d24d0807,59.44455012,DEBITO,817d18cd3c31e40e9bff0566baae7758
605f22e52168d758873d8a73314d438b,fb6aaa26f5541f895a7f542ecb792c90,2021-11-30 10:18:01,d5a359133bf0d604729dd2d95c9afc03,d2a306a86b70fa2d2d2a3ba580892914,35.66673007,CREDITO,838a8fa992a4aa2fb5a0cf8b15b63755
dddef47d52b442551a1372374cf68d11,ad748e96f851e94b7ca898d0d033ed59,2021-11-30 10:04:59,c4242b00f164d21bea70bdac0d497337,ea2c3208d55ebf665448c38b980a2ced,107.00019022,DEBITO,817d18cd3c31e40e9bff0566baae7758
66278ab4f000742f02947bff2e058a26,af9c366cf9a9519520f4c7a6e7a35bf8,2021-11-30 15:55:11,0430703fd69ec206cf83d1d84d796ff5,703bd381b76cb04776dc2b2771e9904b,11.88891002,CREDITO,838a8fa992a4aa2fb5a0cf8b15b63755
25f1742884d45e8c8b2bbca208b4e1e1,2de3c105757b135b6adfb07ecfce98fb,2021-11-30 13:17:03,68cbf14ed78f1a7f0f20963ebbf16ac2,e8b126e1cffcde4054136c8db9865877,11.88891002,CREDITO,075d178871d8d48502bf1f54887e52fe
27b6a3895bba479c7a92f25f9d1267a3,533af6a5458a6e0e81aff9b52d3b4515,2021-11-30 14:43:00,0e848e410683dccf011c5713104ec63d,995591dbf2684c7993561db6b91f7f59,475.55640098,DEBITO,817d18cd3c31e40e9bff0566baae7758
43a3302629a8af03a7172efb27003d2e,a766de649ee75a4ceedfb9b61ed18b6b,2021-11-30 17:35:11,5babc8f2c3be0d653ec8acca1832b915,4ce592a3782dcc0084fbd83f4b97aa53,7.13334601,CREDITO,838a8fa992a4aa2fb5a0cf8b15b63755
bbe5aa5f0814312c14c59fc95b629121,a228d0ba7046d4d686e27003b2334a2f,2021-11-30 14:54:52,d004cda937a2154eb7a5bfb9b9d23846,04d1f5e7246ad0600309460d37be96a7,1188.89100247,DEBITO,817d18cd3c31e40e9bff0566baae7758
0665379c4e3df362ef05088e069ba4ca,bc0f0f103e5720b37753ada81d12f33f,2021-11-30 15:54:03,0a792a25f05488bef68b6c86adc826b8,488b73944e2a05a707d99d9fab8f3ce1,249.66711051,DEBITO,817d18cd3c31e40e9bff0566baae7758
e4326ce3a6156ef7fbd7d51166ce0f76,f14aadd4c17c9a99d7d725d7ff4464c4,2021-11-30 19:27:59,d2a64b4fac706b1ea8cc7895bd3d23c6,d8b203fffeca728351d6bc65f8342fc0,35.66673007,DEBITO,817d18cd3c31e40e9bff0566baae7758
ad9784d4892ae03f09d36491fe508c45,894b1400659416d0478b5e8820d6b441,2021-11-30 08:06:16,5ae1ee9a0b54bdfa49a1718f039383c4,9feb6c55ae9db1cb74d0332706097248,83.22237017,CREDITO,075d178871d8d48502bf1f54887e52fe
54c40cf7a3de016de71c53ef4626b592,adea25ca516a2cc98830fd7efc2b307e,2021-11-30 17:29:32,a7ab245cc8985e5b8f59c089f1e69d34,fe1b2503fd77d988939d96b70a976a07,118.88910024,CREDITO,075d178871d8d48502bf1f54887e52fe
8ee668156ac056d0e3ced60ecf7c3047,1f98299f8e0dc549edcf905682548cf9,2021-11-30 14:25:13,9f46ffb3598c916980e925322b619f74,5426d067000d93962bc30980e6df6472,618.22332128,DEBITO,817d18cd3c31e40e9bff0566baae7758
cf8f2e755b743c0f15f6e3a9a2b42dc2,5cb233f4924a56be63ca9f7f128b19be,2021-11-30 12:53:21,e111d9db27c9fcd331180f1d611f1b41,7da44eec4204dad363b93a97d5c39f6b,59.44455012,DEBITO,817d18cd3c31e40e9bff0566baae7758
4cd5a7e880de19414d65cac82694d35f,8a5a6f3ed8ad7b0032c85e6e840d5e31,2021-11-30 17:07:15,1707658468fe432e7d5a1cfebcb96be3,0c5a9451810dce87316b0ed2fe71472d,83.22237017,DEBITO,817d18cd3c31e40e9bff0566baae7758
5a96eb63e9cf2064cbdb6638a040397e,a9a0a3452c23d9677855fab52a7b90a7,2021-11-30 16:54:11,8b67e591059fe1a67a83c8dfad9324df,31067c27d5b4e2f23217f6f667e1c6b3,59.44455012,CREDITO,838a8fa992a4aa2fb5a0cf8b15b63755
c8281b185b0b374da4ac5f571bbd4d58,baffc542ce0ba7ed9ef192d502cc7588,2021-11-30 09:19:08,863ff9a84e01fc6e670b82f246151497,c5d6d70622dcd55f4b84572ee8276024,142.66692029,DEBITO,817d18cd3c31e40e9bff0566baae7758
3490d14638244f5bc400d7a00391c6b9,8c59c50c2a70df297cabe48012b62868,2021-11-30 14:43:18,4e035d39c4f3416419e3ec52e58a91f0,ebf84d25e2bcf88031d58decf3640e28,1070.00190222,DEBITO,817d18cd3c31e40e9bff0566baae7758
284f54fd877d780d2ead455fb49df4b0,a2e6f7592a2ac5c2a78637ed62a077c2,2021-11-30 19:00:50,7e397b7104f524ffaf45f5f92abad8ea,f2c8f19e05670f00a82eeef10562e89c,356.66730074,CREDITO,075d178871d8d48502bf1f54887e52fe
1cd9c9ed9751cf6bf879d493b80ab709,809ac0a950448995b140c72da8d6d7cb,2021-11-30 12:26:16,eca40e957802f8942cfad636b4db5228,eaa851d4b59043adbeec19a2ddae2b29,237.77820049,DEBITO,817d18cd3c31e40e9bff0566baae7758
9c6184e16dfcbfa315a5a5a5b157d828,ad3b9752bb39047b341ac02507bfff24,2021-11-30 20:48:46,5b83f3fc687273bc274fe2634136711e,8ec27c79680b5a07485be54c05ae657a,546.88986113,DEBITO,817d18cd3c31e40e9bff0566baae7758
d489fc9072b2b0ff34fb90df930c0bea,021e397df2f0375872b946ffc92f4fc4,2021-11-30 18:24:54,3286664bf6ae3546840029946a77f644,8d9aaedc39a6eacfd7eca45695399611,225.88929046,DEBITO,817d18cd3c31e40e9bff0566baae7758
ab70a0685cfe09e167947a2055a2d721,92a692c39a89230470e205fad793dfeb,2021-11-30 16:41:29,45dec0d3c852f47f3a6b77123e8aac2d,8fc923aa99e7c72dc86d7bbba9f6e24b,237.77820049,DEBITO,817d18cd3c31e40e9bff0566baae7758
dc0fecc7596cb58d851eb664fa41e2ac,fba45dd473c515515789e486d53aea07,2021-11-30 11:18:31,c517eebe66bdd675c6183ad6ab65b542,812f5fdbbaf4c88a413f63e449cfc0f6,11.88891002,DEBITO,817d18cd3c31e40e9bff0566baae7758
17cf7a97bf99c1df02b08316719b411e,33b685ffe859d0344f0b72cfdc3d057c,2021-11-30 19:00:21,339f5eeee68c0da0bcea8a109a19559f,c47a98ff2de677c195daedbfa5fde8c3,23.77782004,DEBITO,817d18cd3c31e40e9bff0566baae7758
07bd5db5b65b11af3fd2577ff36d6a44,6be467cc1f2227d56742e3f2b7848aae,2021-11-30 14:20:30,71098707a37a0b3faf080e7be6e88bab,334acf4e26ae9047c9259275f7432602,594.44550123,CREDITO,075d178871d8d48502bf1f54887e52fe
bdd70ce55a10a7cb0ed393d3ca3ec967,c8ab4d202d6674ade59492dae6c206fa,2021-11-30 11:39:14,f97de1927432f6b3e939a781045701a0,19c6345cf671f16db49895a82de47864,356.66730074,DEBITO,817d18cd3c31e40e9bff0566baae7758
f87ccc39389ae282005d615070405ff9,cbd84eee076a0f600224136d0847d7fc,2021-11-30 18:51:24,8c286b320b2ef2dd9492f5adb9d48c38,ae804e9698cf5594c0deebab8d453754,463.66749096,DEBITO,817d18cd3c31e40e9bff0566baae7758
9dd160fca3816e4a884c350ca8b4ad69,ea8de6280461ed6d424118e73abac6df,2021-11-30 20:12:10,4f28cd6b0b8bd855d074b847d523e06b,652101700e371927189387e6d645a39d,297.22275061,DEBITO,817d18cd3c31e40e9bff0566baae7758
49b98e36194e4b536425fe2f028edd31,00727e06734688d0fdf8b17d6abc0683,2021-11-30 19:02:47,afac4a0c3be40354f16d1f09482ea08f,e1700a2bf96481e0d6a4d5c950d3378e,463.66749096,DEBITO,817d18cd3c31e40e9bff0566baae7758
5d060db453ed82f105055e939e1f86a3,4a943c621ec6edc4b2be6fe213ae0ed8,2021-11-30 11:28:42,138d2498cfa86ed86b8cfed85a79723d,f6d8a6d4f31670fd8469f6da69d61922,154.55583032,DEBITO,817d18cd3c31e40e9bff0566baae7758
bfaf2227e66e0ded9f114e5ea1238568,77a93142ff78360eb304ee26eac8c9ab,2021-11-30 08:38:59,6eed3914d2fafd5c6d0a813cd9abb7c4,fd67765f38aead4419b3592bfad60e0c,594.44550123,DEBITO,817d18cd3c31e40e9bff0566baae7758
3abb022badbc6140d512c6bc0891231c,3e34f6ac5e698b6a87064a8b51b3899f,2021-11-30 22:13:29,9783d93e6adc3ef8993bc81fb2f43ab4,4732b1d0b83dc524a2a5f7c94356f683,107.00019022,DEBITO,817d18cd3c31e40e9bff0566baae7758
dca39783d42a8c6dddffff755158fb7c,d17452b63aaf83828f00af511f954b5b,2021-11-30 10:30:58,5a9ab05aa5f0b83ee9bed2c59bb7db6f,6532cc987649d0282baaaa524de68805,832.22370173,DEBITO,817d18cd3c31e40e9bff0566baae7758
7ecef1e935d6798c22b416e0a18fd761,8f5d52f91cea6d7c0ea5e1aaf7ef627f,2021-11-30 08:36:01,57102162453510195504c07169535e1d,16b036e2862468d974529732871e6a7e,47.55564009,DEBITO,817d18cd3c31e40e9bff0566baae7758
93b74b1197e82160715ef93310b57e75,20958bc3cde7b3d9f1e3cab40c33957c,2021-11-30 11:26:17,18c0a7e09c9409651556c49a41628696,b74fbda2612da436bdc7ecf4f96d10b3,118.88910024,DEBITO,817d18cd3c31e40e9bff0566baae7758
eb35350aaaa3d56ff7c99a76b632730d,d98cad3c580c8f9d894166860d187cea,2021-11-30 10:42:46,dc4936bae7aa526c5bb33d4b03b9ae38,21a3c9edc4ac7c78f9b2ea97e592a682,95.11128019,DEBITO,817d18cd3c31e40e9bff0566baae7758
c4ddc16e9b8bcf31a3c2fb4de3c73306,4c3114adc5e1692baa9b4df4e0023525,2021-11-30 18:38:50,32923073a70a0ea2116a51893c3f6da4,b1aa6c0cbab135cd8556db9cd343eb6b,356.66730074,DEBITO,817d18cd3c31e40e9bff0566baae7758
4f72e708e4a67dcc92336c8b7dabc34e,0aac602c655354085c9a35299aba6951,2021-11-30 12:41:46,568286dffc80ded092aecb8322bb8477,db508578670cb59275f3e361c1de5e7e,297.22275061,CREDITO,075d178871d8d48502bf1f54887e52fe
8cb6cbdeb0ea3aa1e5d8592c36efa626,7f250e9b4e47784f1766843d91486262,2021-11-30 12:44:04,f6c84560ded99eaf9b8e9c75e6b18402,ccba1f6eff60ef2da3da2bab4cbd698c,832.22370173,DEBITO,817d18cd3c31e40e9bff0566baae7758
f4adc2416c149e7ff4dd9459f1499a21,88dd56f2e9741e9a0e7f1c819e771590,2021-11-30 19:08:12,9924d67f534bdc91e7e17998255173c8,d6b56a64555ecf6dd003854530fd905e,59.44455012,DEBITO,817d18cd3c31e40e9bff0566baae7758
e65afaff0852f3118fe5816f50690320,0aaf3d50349693ec74fe4aac444f4107,2021-11-30 09:54:04,9a54e6bf979e89228164ecca204eaf13,19ce235756ab324a5bcc215e95e6d67b,23.77782004,DEBITO,817d18cd3c31e40e9bff0566baae7758
221099e2104368e5b73ae723d90b840b,bd53aa3b24c47d10c8a1a8b93aaa1784,2021-11-30 18:58:24,6ef8bf0055d34cfe9d9ec7689dbbf17b,c6e12212b8f6b90672a568e25e8357b3,1783.3365037,DEBITO,817d18cd3c31e40e9bff0566baae7758
1d1bb555bc82d1df6cc3efb44f012546,267f6442c008a474efaed19f17be14f5,2021-11-30 17:34:02,272701bc8009002f814f2144f1647360,42a690e975053d257977d89aa0f9922f,55.87787711,CREDITO,838a8fa992a4aa2fb5a0cf8b15b63755
f135502973dede266cd492b3c4955a9d,c17cc7eaa5965f1a3fa31c8f05cff1b4,2021-11-30 19:47:38,97109a394ab198460f7209eea23817b0,c98725482c11c472522fc94254d42866,71.33346014,CREDITO,838a8fa992a4aa2fb5a0cf8b15b63755
2b8af699bfc1e19eab947c70eadc9d82,9c64efef3e4f74b0088bc0948ed39021,2021-11-30 19:29:57,53e698fe5b277b2db17ea5f87eddfb68,fca8268e0c8817cd2032abf2340ba289,451.77858093,DEBITO,817d18cd3c31e40e9bff0566baae7758
161a0e401f0540d054e481e4f670301b,de8a2048647e7f872ea183333ee1da83,2021-11-30 09:03:41,f98898aaafe837e53e80c07168ae055e,f743c961dee2920e1baedd76922576cb,570.66768118,CREDITO,075d178871d8d48502bf1f54887e52fe
e0c8176e406031f951bcc674354825f9,d875a64be2465e7bf7c5839be24b2a89,2021-11-30 11:10:40,b6541e22e7454b77f76cf2b216c4163e,4a97983116880fe14899bda9b39f9a18,356.66730074,DEBITO,817d18cd3c31e40e9bff0566baae7758
1a8a4e882e6afa3c24df7257e03ed7eb,33a4e0d48db907f4bc76e94a2a1e7f25,2021-11-30 07:57:46,565805da51a34797b26e8c97f996e448,15e692c94714a0c69ddd1d1d5873e597,356.66730074,CREDITO,075d178871d8d48502bf1f54887e52fe
cef37794d8a9b28203d28663a21fa3ff,08569093735b06f620eaeb4c33308661,2021-11-30 12:57:48,2e2acf48f89ae444555e126ee2687dc6,ef7ae8b120d5ccf5f058bd9e4c1836e1,118.88910024,CREDITO,075d178871d8d48502bf1f54887e52fe
7aa05150c1c1d6d8dd52e04e1361e11d,2aabeb17c963c6b978d12f63ec9d68aa,2021-11-30 14:37:41,48cac7745998c3c19348d118b3492c8a,04d7c13c4bc9ffc137fcc3bc061a3885,35.66673007,DEBITO,817d18cd3c31e40e9bff0566baae7758
096cf265425135622b68cffa277870db,3c59c12313b48992fdb1d0fee5b5e2ee,2021-11-30 10:44:54,00d59733be8b06c7436ab88fa9caed86,7a6727970bd3d1f76b3c6c7793456e2d,59.44455012,CREDITO,838a8fa992a4aa2fb5a0cf8b15b63755
08d0b2e21e1311af245e43e61221f3fd,e08e21a94b766907877e8999940d1c08,2021-11-30 11:45:34,a9a339df070ff515454ca8709d07f4f4,e9a1a65642a742f8c24209e620793f93,59.44455012,DEBITO,817d18cd3c31e40e9bff0566baae7758
f892916886ff15f8aa6a7a436a61ba31,f1e1fe9246b9c6b78319ef116e00f94d,2021-11-30 09:04:14,8632177101ea0deec988fc83d2e26537,4dda76494085d48cf46593fffd493cfa,23.77782004,CREDITO,075d178871d8d48502bf1f54887e52fe
0ddb91eb648f1a6ce94f9328c670ad4c,601bbda69739ff40be6f4850beb34e58,2021-11-30 15:06:34,f4b095153b702ce00ed88b728dc70d64,513468fa96052f745b4d0b3efb9feae4,59.44455012,CREDITO,075d178871d8d48502bf1f54887e52fe
8178d62096b19bccb1aaa860966fea41,27cda6da4f3e2419314b837b596c8d0e,2021-11-30 12:59:18,c50ca43d96077f5ccc6287dabf3b4660,ca6fcd8c91c18f183e51d3c68b360d85,178.33365037,CREDITO,075d178871d8d48502bf1f54887e52fe
d7605a2acba1a9016251f8062b478bca,dd131040805f1fb53d6f66bf9564d04f,2021-11-30 13:06:51,0b6bc436ee93d4702ba5a3939aa9efac,7ac59cef0f9f9a7517329757028d465a,23.77782004,DEBITO,817d18cd3c31e40e9bff0566baae7758
e76352a141946ea529fd2559ba0f4cb0,32c430c6dcd42828531a96bdbabd05e1,2021-11-30 15:26:31,247b67f67f0565d6f2ce6686e4a01d8d,afceb076698358534d01911839b15d04,713.33460148,DEBITO,817d18cd3c31e40e9bff0566baae7758
bd1aafe0b26fb482ae31d0bde430d710,276719af4f4e40015fa3b5b94956d9d0,2021-11-30 12:19:30,3804488a2100b08971080de720dff3c3,89c79664015086febf4002d11bddbe40,95.11128019,DEBITO,817d18cd3c31e40e9bff0566baae7758
e79c9c0c603ea47a14d4ac07fb7a6183,efceefe18d2323a342480e7016bd5151,2021-11-30 14:52:58,4f50800084ee89bd591874aa42baac81,fbef9ebf74b2c46ba1e80f9d94950394,11.88891002,DEBITO,817d18cd3c31e40e9bff0566baae7758
b2b9c90bd965c664d6ef41e5dde500bd,2a454eacfc1c0eebbcb8de4b43411656,2021-11-30 08:47:26,78e56149cb9e19f185ca86b84e113faa,7d05f0bf8925352986b6acba6e2b767f,475.55640098,DEBITO,817d18cd3c31e40e9bff0566baae7758
a6bdaf5f4bf8245cab50329c80ef5f94,387272168d07590b6ba9768627b25835,2021-11-30 12:32:00,74d5737e034733920f99f0903b0ff723,8e18947bf67e4e6ba15461881ef2d87e,701.44569145,DEBITO,817d18cd3c31e40e9bff0566baae7758
add6ae47e13d6fc123ea7a8da13b4e3b,288718182c7595be1413c30d4d1a57a3,2021-11-30 21:17:54,2d102722088f658f059ca59ee963c7f3,91555ccaf8544d751bbc7ad042e89587,475.55640098,DEBITO,817d18cd3c31e40e9bff0566baae7758
5350515a877e25e9338a5665c3b1881b,52433a59f3e1c8592cc2cc68cdbd9307,2021-11-30 15:18:22,ceb2143fb4395891e627fe51327fa314,29b628c86861db604fb133b70d6450a8,582.55659121,DEBITO,817d18cd3c31e40e9bff0566baae7758
3a5bd67b4199aab193372a542784e3ac,42dc42f90377da94511e587f939a28a7,2021-11-30 19:19:28,8a51dfc2ffc564597419d6a33a45a37d,6125a629d770dfd3c3268a83c09935cc,59.44455012,DEBITO,817d18cd3c31e40e9bff0566baae7758
586f01d988eaca3444324ab88edd4e59,7d1c00bb92a529dbc5868de3fbde695a,2021-11-30 07:04:00,f2a7ccb6f86b176fa6fcafc2a4798a08,936954443341adbf2f96ced7a2a7310f,297.22275061,DEBITO,817d18cd3c31e40e9bff0566baae7758
81c341f4c70d8527af01135638bc5347,0b64e87894fd75bbe32ea82d021f9e64,2021-11-30 18:56:39,344b848ead64153dcca8b9ea9d869f83,39e037691e7eab68c1205979a6a2ad7b,35.66673007,DEBITO,817d18cd3c31e40e9bff0566baae7758
ac8df94e3bcf60bb7863b3b33928b1e5,be3728e2bb3bf2e1de6408816714e414,2021-11-30 09:31:33,e99e821ec200b3033227136b7e00e3a4,054f0483d9f10e8b7f44a18e3828fcc7,11.88891002,DEBITO,817d18cd3c31e40e9bff0566baae7758
15d4a7bef4571bf3823194e130c6d30a,86d57e15fac1487c1757318d20019312,2021-11-30 14:12:09,0ef05490e5f49df7d8dcc5dbb7a74313,56cb14c17d1deae4f995f2ec2dc3cb70,23.77782004,DEBITO,817d18cd3c31e40e9bff0566baae7758
fd3e6baa9e68412d6e1257504a8d4649,b5ee61ee37700cb7b5df94c4b0656494,2021-11-30 10:32:42,b1f493a32e4228739ecce5458deb2f4f,3c24d3864bbff6e63bf621d87c9c6f63,1058.1129922,DEBITO,817d18cd3c31e40e9bff0566baae7758
05addad34e873c4e2c44e259d2a93ef9,d4bfb3b6e54b6550084039e303bbd2a1,2021-11-30 15:33:28,6dfd36e025400efb873fcb78ec5b64bd,405b01e7f68ecce4312f7847b2c7dc39,225.88929046,CREDITO,817d18cd3c31e40e9bff0566baae7758
19b0aaae8e029438dea55df131fcf684,6dc0243bff1af03954772fe079647f2e,2021-11-30 14:51:45,f1643548250f3c00024c9b073aa45850,a46d619b38cdfa31c31baf55dac3651a,35.66673007,DEBITO,817d18cd3c31e40e9bff0566baae7758
3bc49dcccd52d5b61887b2224ecb6e13,8e9e221e425a14ac2b956da7ab85a6da,2021-11-30 21:08:45,7d9f7863dacad300dddbf37c31f64c3b,3f4ba0efb43a9868d710c9483a0e9b79,118.88910024,DEBITO,817d18cd3c31e40e9bff0566baae7758
88ad89c3a648bedd295e578fb359d993,6d94db08e98ba76ba6141703df57a63a,2021-11-30 11:35:15,1543bfc8b9abaedb00b33ef96da0bf8e,24b79b915ba8e0e5f06d985a4d46ddc1,47.55564009,DEBITO,817d18cd3c31e40e9bff0566baae7758
87db3474f8e48daaa67b56f0169f9289,413bec1aeb5d4e51469d37e281f3a13e,2021-11-30 15:46:56,11f590a05c7fedace459de63ca062cd2,a050dd4ba4fe01dcb3193e32cc2214df,59.44455012,DEBITO,817d18cd3c31e40e9bff0566baae7758
6347932d03c5fbf12805cdbb0131fc6d,9c3687f1506589c7fef71879251d2ea3,2021-11-30 16:01:46,a9ccc60e1289477b912e9211ad30dfe4,60c17cdc2ee54343acf7c094a07408be,558.77877116,DEBITO,817d18cd3c31e40e9bff0566baae7758
98b7f741921cd88c8d7ab005249101bf,30c79e4b6e26f6392a49d4fce3bb731c,2021-11-30 11:02:26,cdba96528c3a4338df3f6e1ab31d215e,3923a8cbaff8e87f023d4ea0aa19546c,285.33384059,DEBITO,817d18cd3c31e40e9bff0566baae7758
ea1ff884cb43a8e5f4a9d6229b7ed321,9d454523cb9414c4e10d6e133f4bfc34,2021-11-30 15:44:14,431bd788eb49cfc7d4b2abaa00d8b525,25ce30ffa2ab38d5565c0d8d1bb5f11c,47.55564009,DEBITO,817d18cd3c31e40e9bff0566baae7758
9798e6fc61ec9344f205f947be1768b8,f757311827030d187c972d9c5f7bd471,2021-11-30 05:39:38,d712dea40195e9d7d001c08159860aa0,e73bd5ea2292f9a738b60df9c13f400f,47.55564009,DEBITO,817d18cd3c31e40e9bff0566baae7758
d8a8587f78b0c6c03b9ac12b4cd17061,c21afe4a94dc57f17d98cf5d4ff8b123,2021-11-30 13:52:20,6897ec288c89ded048088db7a2748584,a3d6c3b3bffef32afda5e9c826230bfd,594.44550123,CREDITO,075d178871d8d48502bf1f54887e52fe
6996d0a0709c8fbfef4ddae98c13208d,a7453122320d8947292d05893484dfa0,2021-11-30 15:15:50,89e759fcbb1a42de2bef55f746689b8c,2dc88845c09b6f21d5f547515bfb1403,190.22256039,CREDITO,075d178871d8d48502bf1f54887e52fe
bb89ba7da10a8b484846d667ed05d630,77e55e6955131afb315ef7d2e3b62881,2021-11-30 13:35:45,6c44346d86ea554b64d7cb08b51c5283,442fd8fe3b063abbd55e27bcca877950,178.33365037,DEBITO,817d18cd3c31e40e9bff0566baae7758
f646ca131d2d422ee5c8d2ee92045461,eab65353543d881351a3dbd05ab96af1,2021-11-30 17:51:40,ced27a749165423356f6b57838b32d42,9ece95bd9300473354ca7b09a05c7e60,356.66730074,DEBITO,817d18cd3c31e40e9bff0566baae7758
3f7e412f565470f2cda01b8f2126bf18,09f6be1ff97081582f7ae1b4aa8e163e,2021-11-30 12:14:45,b3a2a39ab669b36492b346645588f2e7,8ebcbdf654f8d9b146f30e7e05274664,356.66730074,CREDITO,075d178871d8d48502bf1f54887e52fe
5bf3d08d33e2bc0f3e0630b22ed46d6f,e89dea5bb97b47588de80ceff2c277d1,2021-11-30 10:23:02,df9766e5ee7a3ad11101d003d054db39,f7efad5efebcd65eb3cc4302514fd979,59.44455012,CREDITO,838a8fa992a4aa2fb5a0cf8b15b63755
2e24ae16940aaba1145e1e52f977d9b8,08f4b929f88081d8ec2c13e03881fa2e,2021-11-30 15:08:28,7b7068201548eb80c02e71c51454d431,d45f2694aa165bc18bb03159cdb7fa5a,237.77820049,DEBITO,817d18cd3c31e40e9bff0566baae7758
b4b523e2b5bcd45f290a85e2652f716d,1b3da2500ca9cabd4c7111d88824a1a4,2021-11-30 14:32:55,01511881cc3f420ef3b704dbefd497ce,3ccd45858888ae41ed963864da517c14,83.22237017,DEBITO,817d18cd3c31e40e9bff0566baae7758
3be29925210b2df6fcc078c827d00fff,fb6aaa26f5541f895a7f542ecb792c90,2021-11-30 16:34:55,174720cf00ee24b8463b2a73dd31d9a7,373f0ab6231ed8050b20768d0f4f532c,47.55564009,CREDITO,838a8fa992a4aa2fb5a0cf8b15b63755
a22d2ff9cb6ea3cd0e087486b2d01e86,6cdb6692859b081ae1d3d4545704a2eb,2021-11-30 13:47:22,b83b7200c0e35d5a3d551090d275d127,774ba14207194b958983a808dd75bd2a,118.88910024,CREDITO,838a8fa992a4aa2fb5a0cf8b15b63755
a1670ca3f8dc54c9a530181940d022d8,bd53aa3b24c47d10c8a1a8b93aaa1784,2021-11-30 08:40:21,a5b49461ad99d6801d0ccde9ed047e37,675e7a9b47289403da61a3cb84c68374,118.88910024,DEBITO,817d18cd3c31e40e9bff0566baae7758
7985f1f4b901eaa9a675fb0e9bc1c75f,8296f36319c5b9075a6a4de13d597570,2021-11-30 18:21:18,3346fe3fbaf864395db8e85ce593843c,dfc5e6c28e6f832e5cebb003d45944e2,118.88910024,DEBITO,817d18cd3c31e40e9bff0566baae7758
7f959b8d3873b19d8c7bc4451b56d151,8d3aa4d2c84f89e88b62e020dbbae1a9,2021-11-30 10:58:41,5bf397c134de3b78b07c7564bfb34c0d,8c1fb7a9ca01bb5801d1a50d6827703f,237.77820049,DEBITO,817d18cd3c31e40e9bff0566baae7758
829c16d6f347a07da556abdacc81a2c4,8959c25b8a94f55a773dd127b402acd9,2021-11-30 13:35:38,d551220471da9475c4eed4069c9685cf,38484d879cdefb13d3636b29c3fd0ce8,23.77782004,DEBITO,817d18cd3c31e40e9bff0566baae7758
c382050b283e76bee268a383b38d2c20,9b43118d8f27d5eb0300c1f5d82ab3a2,2021-11-30 11:39:08,89ba2d72d9e92f8bb0da2649369b2ded,cd229b7d72770bb04e835e3be67acf7c,178.33365037,CREDITO,838a8fa992a4aa2fb5a0cf8b15b63755
f55147a2c51e8bf5bcbe7b51598f433f,8be4e4194805a850559909739f9d01ac,2021-11-30 14:31:57,7cae80d62e4851fee1fa02937ab95753,779708462ba6d8c8646d9d177871c6f9,5.94445501,CREDITO,075d178871d8d48502bf1f54887e52fe
20ecf680412cc23a99730da0f7a9a8fa,7f39060c41f9149e07f39c170aa09b67,2021-11-30 18:36:47,3f6febeda4147cc2ae6b80f54729081e,41ce81963d922c305ef0ab83f6d2c6e7,118.88910024,DEBITO,817d18cd3c31e40e9bff0566baae7758
056659b83c1a053c0f0da3058cc9fed8,b36f862af221747ef1ea952c052a2957,2021-11-30 10:31:55,0c7ca22c7f3aaf050131cf6c71b64093,1344eb654765ce07a99279a5e68a0d1f,35.66673007,CREDITO,838a8fa992a4aa2fb5a0cf8b15b63755
b9c06aacbb673318f4632277188f67b9,61ca93b8511b23f84eba5b87d5279853,2021-11-30 21:07:00,19ca59010ae6f2e48bf06d7cb5c5a068,57a288333b4bcecaf227b405c0620ba8,107.00019022,DEBITO,817d18cd3c31e40e9bff0566baae7758
7a1d7bd8f62326aaa2eb3b7f17f2a04e,566382e306e4619428ef2f4108f8916c,2021-11-30 10:03:17,a3085217d040da5c0eae01d672bf24b1,eff8d9070bb640317cd14174536eb997,47.55564009,CREDITO,075d178871d8d48502bf1f54887e52fe
afb564a15081eaac8ab146d21f67ace5,56106c33c99e9dad62bbcae559bf9c1f,2021-11-30 11:26:08,033d0d156ccdfd8dd358e1e860ef12ef,4768a0866a51c6f6a87c17bbf5ce1b60,59.44455012,CREDITO,075d178871d8d48502bf1f54887e52fe
17e469263c646c346fcdb41517b38df5,1e36a33586ebeb59cee1a24eb7d3ee99,2021-11-30 14:16:10,bb9df858a16dc416db24dc791b0ddc3c,57211d47477fd821e0d3ec3a57c92187,35.66673007,DEBITO,817d18cd3c31e40e9bff0566baae7758
5267c3d305c9398a194356859bd8e85d,a4487ed019372fe186586b86632313f2,2021-11-30 11:26:31,2c7edbb98dcfda67549dbd043b525faf,31ee2c44e81fcf3ed7ca086c0f541baa,71.33346014,CREDITO,075d178871d8d48502bf1f54887e52fe
5ec2410e750be702c90ec27ca45f4057,3a5ea68eb033bba0dcac58a4ebec88dd,2021-11-30 08:41:56,7f39002bdcf2d1025907fe802bcb317c,88f9a9aa43e72472fa8832b018c81048,665.77896138,DEBITO,817d18cd3c31e40e9bff0566baae7758
9e867087ca8877d4727bd2c2a55e360d,cb652394b59fef74e1115342d902042f,2021-11-30 08:02:33,2407b240e1900fef75524353c213e310,89aa94a90e2d566ef62c6a8f8b399906,107.00019022,CREDITO,075d178871d8d48502bf1f54887e52fe
f1980717ffa4534c728df9c6989eb54e,2056a8925885a1aab915729a109e884c,2021-11-30 11:54:40,9cd5d033b3f61db4856aecb35011fe5b,25483ef822ee8f3faaaad4bcb3332939,297.22275061,DEBITO,817d18cd3c31e40e9bff0566baae7758
b11345699fccceb511417c054edc34f1,a86a034abda0b2ff7f32bbbeadc7cf4c,2021-11-30 10:51:32,e6992fa97bf4f7cccbcc9a24338a5317,1603a36196e1486e294b40c1df31c743,142.66692029,CREDITO,075d178871d8d48502bf1f54887e52fe
